The target system is: Generic -  - 
The host system is: Linux - 5.15.167.4-microsoft-standard-WSL2 - x86_64
Compiling the C compiler identification source file "CMakeCCompilerId.c" succeeded.
Compiler: /root/.espressif/tools/xtensa-esp-elf/esp-15.2.0_20251204/xtensa-esp-elf/bin/xtensa-esp32-elf-gcc 
Build flags: 
Id flags:  

The output was:
0


Compilation of the C compiler identification source "CMakeCCompilerId.c" produced "a.out"

The C compiler identification is GNU, found in "/home/olwhistle/dockerNow/esp32/programs/ovs/build/bootloader/CMakeFiles/3.22.1/CompilerIdC/a.out"

Compiling the CXX compiler identification source file "CMakeCXXCompilerId.cpp" succeeded.
Compiler: /root/.espressif/tools/xtensa-esp-elf/esp-15.2.0_20251204/xtensa-esp-elf/bin/xtensa-esp32-elf-g++ 
Build flags: 
Id flags:  

The output was:
0


Compilation of the CXX compiler identification source "CMakeCXXCompilerId.cpp" produced "a.out"

The CXX compiler identification is GNU, found in "/home/olwhistle/dockerNow/esp32/programs/ovs/build/bootloader/CMakeFiles/3.22.1/CompilerIdCXX/a.out"

Checking whether the ASM compiler is GNU using "--version" matched "(GNU assembler)|(GCC)|(Free Software Foundation)":
xtensa-esp-elf-gcc (crosstool-NG esp-15.2.0_20251204) 15.2.0
Copyright (C) 2025 Free Software Foundation, Inc.
This is free software; see the source for copying conditions.  There is NO
warranty; not even for MERCHANTABILITY or FITNESS FOR A PARTICULAR PURPOSE.

Detecting C compiler ABI info compiled with the following output:
Change Dir: /home/olwhistle/dockerNow/esp32/programs/ovs/build/bootloader/CMakeFiles/CMakeTmp

Run Build Command(s):/usr/bin/gmake -f Makefile cmTC_33a09/fast && gmake[3]: Entering directory '/home/olwhistle/dockerNow/esp32/programs/ovs/build/bootloader/CMakeFiles/CMakeTmp'
/usr/bin/gmake  -f CMakeFiles/cmTC_33a09.dir/build.make CMakeFiles/cmTC_33a09.dir/build
gmake[4]: Entering directory '/home/olwhistle/dockerNow/esp32/programs/ovs/build/bootloader/CMakeFiles/CMakeTmp'
Building C object CMakeFiles/cmTC_33a09.dir/CMakeCCompilerABI.c.obj
/root/.espressif/tools/xtensa-esp-elf/esp-15.2.0_20251204/xtensa-esp-elf/bin/xtensa-esp32-elf-gcc   @"/home/olwhistle/dockerNow/esp32/programs/ovs/build/bootloader/toolchain/cflags"    -v -o CMakeFiles/cmTC_33a09.dir/CMakeCCompilerABI.c.obj -c /usr/share/cmake-3.22/Modules/CMakeCCompilerABI.c
Using built-in specs.
COLLECT_GCC=/root/.espressif/tools/xtensa-esp-elf/esp-15.2.0_20251204/xtensa-esp-elf/bin/xtensa-esp-elf-gcc
Target: xtensa-esp-elf
Configured with: /builds/idf/crosstool-NG/.build/xtensa-esp-elf/src/gcc/configure --build=x86_64-build_pc-linux-gnu --host=x86_64-build_pc-linux-gnu --target=xtensa-esp-elf --prefix=/builds/idf/crosstool-NG/builds/xtensa-esp-elf --exec_prefix=/builds/idf/crosstool-NG/builds/xtensa-esp-elf --with-local-prefix=/builds/idf/crosstool-NG/builds/xtensa-esp-elf/xtensa-esp-elf --with-sysroot=/builds/idf/crosstool-NG/builds/xtensa-esp-elf/xtensa-esp-elf --with-native-system-header-dir=/include --with-headers=/builds/idf/crosstool-NG/builds/xtensa-esp-elf/xtensa-esp-elf/include --with-newlib --enable-threads=no --disable-shared --with-pkgversion='crosstool-NG esp-15.2.0_20251204' --disable-__cxa_atexit --enable-cxx-flags='-ffunction-sections -fdata-sections' --disable-libgomp --disable-libmudflap --disable-libmpx --disable-libssp --disable-libquadmath --disable-libquadmath-support --disable-libstdcxx-verbose --with-gmp=/builds/idf/crosstool-NG/.build/xtensa-esp-elf/buildtools --with-mpfr=/builds/idf/crosstool-NG/.build/xtensa-esp-elf/buildtools --with-mpc=/builds/idf/crosstool-NG/.build/xtensa-esp-elf/buildtools --with-isl=/builds/idf/crosstool-NG/.build/xtensa-esp-elf/buildtools --enable-lto --enable-target-optspace --without-long-double-128 --enable-plugin --disable-nls --enable-multiarch --enable-languages=c,c++ --disable-libstdcxx-verbose --enable-threads=posix --enable-libstdcxx-time=yes --disable-win32-utf8-manifest
Thread model: posix
Supported LTO compression algorithms: zlib zstd
gcc version 15.2.0 (crosstool-NG esp-15.2.0_20251204) 
COLLECT_GCC_OPTIONS='-mdynconfig=xtensa_esp32.so' '-v' '-o' 'CMakeFiles/cmTC_33a09.dir/CMakeCCompilerABI.c.obj' '-c' '-dumpdir' 'CMakeFiles/cmTC_33a09.dir/'
 /root/.espressif/tools/xtensa-esp-elf/esp-15.2.0_20251204/xtensa-esp-elf/bin/../libexec/gcc/xtensa-esp-elf/15.2.0/cc1 -quiet -v -imultilib esp32 -iprefix /root/.espressif/tools/xtensa-esp-elf/esp-15.2.0_20251204/xtensa-esp-elf/bin/../lib/gcc/xtensa-esp-elf/15.2.0/ -isysroot /root/.espressif/tools/xtensa-esp-elf/esp-15.2.0_20251204/xtensa-esp-elf/bin/../xtensa-esp-elf /usr/share/cmake-3.22/Modules/CMakeCCompilerABI.c -quiet -dumpdir CMakeFiles/cmTC_33a09.dir/ -dumpbase CMakeCCompilerABI.c.c -dumpbase-ext .c -mdynconfig=xtensa_esp32.so -version -o /tmp/cc5WkIVu.s
GNU C23 (crosstool-NG esp-15.2.0_20251204) version 15.2.0 (xtensa-esp-elf)
	compiled by GNU C version 6.3.0, GMP version 6.3.0, MPFR version 4.2.1, MPC version 1.3.1, isl version isl-0.26-GMP

GGC heuristics: --param ggc-min-expand=100 --param ggc-min-heapsize=131072
ignoring duplicate directory "/root/.espressif/tools/xtensa-esp-elf/esp-15.2.0_20251204/xtensa-esp-elf/bin/../lib/gcc/../../lib/gcc/xtensa-esp-elf/15.2.0/include"
ignoring nonexistent directory "/root/.espressif/tools/xtensa-esp-elf/esp-15.2.0_20251204/xtensa-esp-elf/bin/../xtensa-esp-elf/builds/idf/crosstool-NG/builds/xtensa-esp-elf/xtensa-esp-elf/include"
ignoring duplicate directory "/root/.espressif/tools/xtensa-esp-elf/esp-15.2.0_20251204/xtensa-esp-elf/bin/../lib/gcc/../../lib/gcc/xtensa-esp-elf/15.2.0/include-fixed"
ignoring duplicate directory "/root/.espressif/tools/xtensa-esp-elf/esp-15.2.0_20251204/xtensa-esp-elf/bin/../lib/gcc/../../lib/gcc/xtensa-esp-elf/15.2.0/../../../../xtensa-esp-elf/include"
ignoring duplicate directory "/root/.espressif/tools/xtensa-esp-elf/esp-15.2.0_20251204/xtensa-esp-elf/bin/../xtensa-esp-elf/include"
#include "..." search starts here:
#include <...> search starts here:
 /root/.espressif/tools/xtensa-esp-elf/esp-15.2.0_20251204/xtensa-esp-elf/bin/../lib/gcc/xtensa-esp-elf/15.2.0/include
 /root/.espressif/tools/xtensa-esp-elf/esp-15.2.0_20251204/xtensa-esp-elf/bin/../lib/gcc/xtensa-esp-elf/15.2.0/include-fixed
 /root/.espressif/tools/xtensa-esp-elf/esp-15.2.0_20251204/xtensa-esp-elf/bin/../lib/gcc/xtensa-esp-elf/15.2.0/../../../../xtensa-esp-elf/include
End of search list.
Compiler executable checksum: 023236c824ceaa5629805e8d1b1d2049
COLLECT_GCC_OPTIONS='-mdynconfig=xtensa_esp32.so' '-v' '-o' 'CMakeFiles/cmTC_33a09.dir/CMakeCCompilerABI.c.obj' '-c' '-dumpdir' 'CMakeFiles/cmTC_33a09.dir/'
 /root/.espressif/tools/xtensa-esp-elf/esp-15.2.0_20251204/xtensa-esp-elf/bin/../lib/gcc/xtensa-esp-elf/15.2.0/../../../../xtensa-esp-elf/bin/as --traditional-format --dynconfig=xtensa_esp32.so -o CMakeFiles/cmTC_33a09.dir/CMakeCCompilerABI.c.obj /tmp/cc5WkIVu.s
COMPILER_PATH=/root/.espressif/tools/xtensa-esp-elf/esp-15.2.0_20251204/xtensa-esp-elf/bin/../libexec/gcc/xtensa-esp-elf/15.2.0/:/root/.espressif/tools/xtensa-esp-elf/esp-15.2.0_20251204/xtensa-esp-elf/bin/../libexec/gcc/:/root/.espressif/tools/xtensa-esp-elf/esp-15.2.0_20251204/xtensa-esp-elf/bin/../lib/gcc/xtensa-esp-elf/15.2.0/../../../../xtensa-esp-elf/bin/
LIBRARY_PATH=/root/.espressif/tools/xtensa-esp-elf/esp-15.2.0_20251204/xtensa-esp-elf/bin/../lib/gcc/xtensa-esp-elf/15.2.0/esp32/:/root/.espressif/tools/xtensa-esp-elf/esp-15.2.0_20251204/xtensa-esp-elf/bin/../lib/gcc/xtensa-esp-elf/15.2.0/../../../../xtensa-esp-elf/lib/esp32/:/root/.espressif/tools/xtensa-esp-elf/esp-15.2.0_20251204/xtensa-esp-elf/bin/../xtensa-esp-elf/lib/esp32/:/root/.espressif/tools/xtensa-esp-elf/esp-15.2.0_20251204/xtensa-esp-elf/bin/../lib/gcc/xtensa-esp-elf/15.2.0/:/root/.espressif/tools/xtensa-esp-elf/esp-15.2.0_20251204/xtensa-esp-elf/bin/../lib/gcc/:/root/.espressif/tools/xtensa-esp-elf/esp-15.2.0_20251204/xtensa-esp-elf/bin/../lib/gcc/xtensa-esp-elf/15.2.0/../../../../xtensa-esp-elf/lib/:/root/.espressif/tools/xtensa-esp-elf/esp-15.2.0_20251204/xtensa-esp-elf/bin/../xtensa-esp-elf/lib/:/root/.espressif/tools/xtensa-esp-elf/esp-15.2.0_20251204/xtensa-esp-elf/bin/../xtensa-esp-elf/usr/lib/
COLLECT_GCC_OPTIONS='-mdynconfig=xtensa_esp32.so' '-v' '-o' 'CMakeFiles/cmTC_33a09.dir/CMakeCCompilerABI.c.obj' '-c' '-dumpdir' 'CMakeFiles/cmTC_33a09.dir/CMakeCCompilerABI.c.'
Linking C executable cmTC_33a09
/usr/bin/cmake -E cmake_link_script CMakeFiles/cmTC_33a09.dir/link.txt --verbose=1
/root/.espressif/tools/xtensa-esp-elf/esp-15.2.0_20251204/xtensa-esp-elf/bin/xtensa-esp32-elf-gcc @"/home/olwhistle/dockerNow/esp32/programs/ovs/build/bootloader/toolchain/cflags"  @"/home/olwhistle/dockerNow/esp32/programs/ovs/build/bootloader/toolchain/ldflags" -v CMakeFiles/cmTC_33a09.dir/CMakeCCompilerABI.c.obj -o cmTC_33a09 
Using built-in specs.
COLLECT_GCC=/root/.espressif/tools/xtensa-esp-elf/esp-15.2.0_20251204/xtensa-esp-elf/bin/xtensa-esp-elf-gcc
COLLECT_LTO_WRAPPER=/root/.espressif/tools/xtensa-esp-elf/esp-15.2.0_20251204/xtensa-esp-elf/bin/../libexec/gcc/xtensa-esp-elf/15.2.0/lto-wrapper
Target: xtensa-esp-elf
Configured with: /builds/idf/crosstool-NG/.build/xtensa-esp-elf/src/gcc/configure --build=x86_64-build_pc-linux-gnu --host=x86_64-build_pc-linux-gnu --target=xtensa-esp-elf --prefix=/builds/idf/crosstool-NG/builds/xtensa-esp-elf --exec_prefix=/builds/idf/crosstool-NG/builds/xtensa-esp-elf --with-local-prefix=/builds/idf/crosstool-NG/builds/xtensa-esp-elf/xtensa-esp-elf --with-sysroot=/builds/idf/crosstool-NG/builds/xtensa-esp-elf/xtensa-esp-elf --with-native-system-header-dir=/include --with-headers=/builds/idf/crosstool-NG/builds/xtensa-esp-elf/xtensa-esp-elf/include --with-newlib --enable-threads=no --disable-shared --with-pkgversion='crosstool-NG esp-15.2.0_20251204' --disable-__cxa_atexit --enable-cxx-flags='-ffunction-sections -fdata-sections' --disable-libgomp --disable-libmudflap --disable-libmpx --disable-libssp --disable-libquadmath --disable-libquadmath-support --disable-libstdcxx-verbose --with-gmp=/builds/idf/crosstool-NG/.build/xtensa-esp-elf/buildtools --with-mpfr=/builds/idf/crosstool-NG/.build/xtensa-esp-elf/buildtools --with-mpc=/builds/idf/crosstool-NG/.build/xtensa-esp-elf/buildtools --with-isl=/builds/idf/crosstool-NG/.build/xtensa-esp-elf/buildtools --enable-lto --enable-target-optspace --without-long-double-128 --enable-plugin --disable-nls --enable-multiarch --enable-languages=c,c++ --disable-libstdcxx-verbose --enable-threads=posix --enable-libstdcxx-time=yes --disable-win32-utf8-manifest
Thread model: posix
Supported LTO compression algorithms: zlib zstd
gcc version 15.2.0 (crosstool-NG esp-15.2.0_20251204) 
COMPILER_PATH=/root/.espressif/tools/xtensa-esp-elf/esp-15.2.0_20251204/xtensa-esp-elf/bin/../libexec/gcc/xtensa-esp-elf/15.2.0/:/root/.espressif/tools/xtensa-esp-elf/esp-15.2.0_20251204/xtensa-esp-elf/bin/../libexec/gcc/:/root/.espressif/tools/xtensa-esp-elf/esp-15.2.0_20251204/xtensa-esp-elf/bin/../lib/gcc/xtensa-esp-elf/15.2.0/../../../../xtensa-esp-elf/bin/
LIBRARY_PATH=/root/.espressif/tools/xtensa-esp-elf/esp-15.2.0_20251204/xtensa-esp-elf/bin/../lib/gcc/xtensa-esp-elf/15.2.0/esp32/:/root/.espressif/tools/xtensa-esp-elf/esp-15.2.0_20251204/xtensa-esp-elf/bin/../lib/gcc/xtensa-esp-elf/15.2.0/../../../../xtensa-esp-elf/lib/esp32/:/root/.espressif/tools/xtensa-esp-elf/esp-15.2.0_20251204/xtensa-esp-elf/bin/../xtensa-esp-elf/lib/esp32/:/root/.espressif/tools/xtensa-esp-elf/esp-15.2.0_20251204/xtensa-esp-elf/bin/../lib/gcc/xtensa-esp-elf/15.2.0/:/root/.espressif/tools/xtensa-esp-elf/esp-15.2.0_20251204/xtensa-esp-elf/bin/../lib/gcc/:/root/.espressif/tools/xtensa-esp-elf/esp-15.2.0_20251204/xtensa-esp-elf/bin/../lib/gcc/xtensa-esp-elf/15.2.0/../../../../xtensa-esp-elf/lib/:/root/.espressif/tools/xtensa-esp-elf/esp-15.2.0_20251204/xtensa-esp-elf/bin/../xtensa-esp-elf/lib/:/root/.espressif/tools/xtensa-esp-elf/esp-15.2.0_20251204/xtensa-esp-elf/bin/../xtensa-esp-elf/usr/lib/
COLLECT_GCC_OPTIONS='-mdynconfig=xtensa_esp32.so' '-v' '-o' 'cmTC_33a09' '-dumpdir' 'cmTC_33a09.'
 /root/.espressif/tools/xtensa-esp-elf/esp-15.2.0_20251204/xtensa-esp-elf/bin/../libexec/gcc/xtensa-esp-elf/15.2.0/collect2 -plugin /root/.espressif/tools/xtensa-esp-elf/esp-15.2.0_20251204/xtensa-esp-elf/bin/../libexec/gcc/xtensa-esp-elf/15.2.0/liblto_plugin.so -plugin-opt=/root/.espressif/tools/xtensa-esp-elf/esp-15.2.0_20251204/xtensa-esp-elf/bin/../libexec/gcc/xtensa-esp-elf/15.2.0/lto-wrapper -plugin-opt=-fresolution=/tmp/ccYAaz0j.res -plugin-opt=-pass-through=-lgcc -plugin-opt=-pass-through=-lc -plugin-opt=-pass-through=-lnosys -plugin-opt=-pass-through=-lc -plugin-opt=-pass-through=-lgcc --sysroot=/root/.espressif/tools/xtensa-esp-elf/esp-15.2.0_20251204/xtensa-esp-elf/bin/../xtensa-esp-elf --dynconfig=xtensa_esp32.so -o cmTC_33a09 /root/.espressif/tools/xtensa-esp-elf/esp-15.2.0_20251204/xtensa-esp-elf/bin/../lib/gcc/xtensa-esp-elf/15.2.0/../../../../xtensa-esp-elf/lib/esp32/crt0.o /root/.espressif/tools/xtensa-esp-elf/esp-15.2.0_20251204/xtensa-esp-elf/bin/../lib/gcc/xtensa-esp-elf/15.2.0/esp32/crti.o /root/.espressif/tools/xtensa-esp-elf/esp-15.2.0_20251204/xtensa-esp-elf/bin/../lib/gcc/xtensa-esp-elf/15.2.0/esp32/crtbegin.o -L/root/.espressif/tools/xtensa-esp-elf/esp-15.2.0_20251204/xtensa-esp-elf/bin/../lib/gcc/xtensa-esp-elf/15.2.0/esp32 -L/root/.espressif/tools/xtensa-esp-elf/esp-15.2.0_20251204/xtensa-esp-elf/bin/../lib/gcc/xtensa-esp-elf/15.2.0/../../../../xtensa-esp-elf/lib/esp32 -L/root/.espressif/tools/xtensa-esp-elf/esp-15.2.0_20251204/xtensa-esp-elf/bin/../xtensa-esp-elf/lib/esp32 -L/root/.espressif/tools/xtensa-esp-elf/esp-15.2.0_20251204/xtensa-esp-elf/bin/../lib/gcc/xtensa-esp-elf/15.2.0 -L/root/.espressif/tools/xtensa-esp-elf/esp-15.2.0_20251204/xtensa-esp-elf/bin/../lib/gcc -L/root/.espressif/tools/xtensa-esp-elf/esp-15.2.0_20251204/xtensa-esp-elf/bin/../lib/gcc/xtensa-esp-elf/15.2.0/../../../../xtensa-esp-elf/lib -L/root/.espressif/tools/xtensa-esp-elf/esp-15.2.0_20251204/xtensa-esp-elf/bin/../xtensa-esp-elf/lib -L/root/.espressif/tools/xtensa-esp-elf/esp-15.2.0_20251204/xtensa-esp-elf/bin/../xtensa-esp-elf/usr/lib @/tmp/ccrGHWFl -lgcc -lc -lnosys -lc -lgcc /root/.espressif/tools/xtensa-esp-elf/esp-15.2.0_20251204/xtensa-esp-elf/bin/../lib/gcc/xtensa-esp-elf/15.2.0/esp32/crtend.o /root/.espressif/tools/xtensa-esp-elf/esp-15.2.0_20251204/xtensa-esp-elf/bin/../lib/gcc/xtensa-esp-elf/15.2.0/esp32/crtn.o
COLLECT_GCC_OPTIONS='-mdynconfig=xtensa_esp32.so' '-v' '-o' 'cmTC_33a09' '-dumpdir' 'cmTC_33a09.'
gmake[4]: Leaving directory '/home/olwhistle/dockerNow/esp32/programs/ovs/build/bootloader/CMakeFiles/CMakeTmp'
gmake[3]: Leaving directory '/home/olwhistle/dockerNow/esp32/programs/ovs/build/bootloader/CMakeFiles/CMakeTmp'



Parsed C implicit include dir info from above output: rv=done
  found start of include info
  found start of implicit include info
    add: [/root/.espressif/tools/xtensa-esp-elf/esp-15.2.0_20251204/xtensa-esp-elf/bin/../lib/gcc/xtensa-esp-elf/15.2.0/include]
    add: [/root/.espressif/tools/xtensa-esp-elf/esp-15.2.0_20251204/xtensa-esp-elf/bin/../lib/gcc/xtensa-esp-elf/15.2.0/include-fixed]
    add: [/root/.espressif/tools/xtensa-esp-elf/esp-15.2.0_20251204/xtensa-esp-elf/bin/../lib/gcc/xtensa-esp-elf/15.2.0/../../../../xtensa-esp-elf/include]
  end of search list found
  collapse include dir [/root/.espressif/tools/xtensa-esp-elf/esp-15.2.0_20251204/xtensa-esp-elf/bin/../lib/gcc/xtensa-esp-elf/15.2.0/include] ==> [/root/.espressif/tools/xtensa-esp-elf/esp-15.2.0_20251204/xtensa-esp-elf/lib/gcc/xtensa-esp-elf/15.2.0/include]
  collapse include dir [/root/.espressif/tools/xtensa-esp-elf/esp-15.2.0_20251204/xtensa-esp-elf/bin/../lib/gcc/xtensa-esp-elf/15.2.0/include-fixed] ==> [/root/.espressif/tools/xtensa-esp-elf/esp-15.2.0_20251204/xtensa-esp-elf/lib/gcc/xtensa-esp-elf/15.2.0/include-fixed]
  collapse include dir [/root/.espressif/tools/xtensa-esp-elf/esp-15.2.0_20251204/xtensa-esp-elf/bin/../lib/gcc/xtensa-esp-elf/15.2.0/../../../../xtensa-esp-elf/include] ==> [/root/.espressif/tools/xtensa-esp-elf/esp-15.2.0_20251204/xtensa-esp-elf/xtensa-esp-elf/include]
  implicit include dirs: [/root/.espressif/tools/xtensa-esp-elf/esp-15.2.0_20251204/xtensa-esp-elf/lib/gcc/xtensa-esp-elf/15.2.0/include;/root/.espressif/tools/xtensa-esp-elf/esp-15.2.0_20251204/xtensa-esp-elf/lib/gcc/xtensa-esp-elf/15.2.0/include-fixed;/root/.espressif/tools/xtensa-esp-elf/esp-15.2.0_20251204/xtensa-esp-elf/xtensa-esp-elf/include]


Parsed C implicit link information from above output:
  link line regex: [^( *|.*[/\])(xtensa-esp32-elf-ld|CMAKE_LINK_STARTFILE-NOTFOUND|([^/\]+-)?ld|collect2)[^/\]*( |$)]
  ignore line: [Change Dir: /home/olwhistle/dockerNow/esp32/programs/ovs/build/bootloader/CMakeFiles/CMakeTmp]
  ignore line: []
  ignore line: [Run Build Command(s):/usr/bin/gmake -f Makefile cmTC_33a09/fast && gmake[3]: Entering directory '/home/olwhistle/dockerNow/esp32/programs/ovs/build/bootloader/CMakeFiles/CMakeTmp']
  ignore line: [/usr/bin/gmake  -f CMakeFiles/cmTC_33a09.dir/build.make CMakeFiles/cmTC_33a09.dir/build]
  ignore line: [gmake[4]: Entering directory '/home/olwhistle/dockerNow/esp32/programs/ovs/build/bootloader/CMakeFiles/CMakeTmp']
  ignore line: [Building C object CMakeFiles/cmTC_33a09.dir/CMakeCCompilerABI.c.obj]
  ignore line: [/root/.espressif/tools/xtensa-esp-elf/esp-15.2.0_20251204/xtensa-esp-elf/bin/xtensa-esp32-elf-gcc   @"/home/olwhistle/dockerNow/esp32/programs/ovs/build/bootloader/toolchain/cflags"    -v -o CMakeFiles/cmTC_33a09.dir/CMakeCCompilerABI.c.obj -c /usr/share/cmake-3.22/Modules/CMakeCCompilerABI.c]
  ignore line: [Using built-in specs.]
  ignore line: [COLLECT_GCC=/root/.espressif/tools/xtensa-esp-elf/esp-15.2.0_20251204/xtensa-esp-elf/bin/xtensa-esp-elf-gcc]
  ignore line: [Target: xtensa-esp-elf]
  ignore line: [Configured with: /builds/idf/crosstool-NG/.build/xtensa-esp-elf/src/gcc/configure --build=x86_64-build_pc-linux-gnu --host=x86_64-build_pc-linux-gnu --target=xtensa-esp-elf --prefix=/builds/idf/crosstool-NG/builds/xtensa-esp-elf --exec_prefix=/builds/idf/crosstool-NG/builds/xtensa-esp-elf --with-local-prefix=/builds/idf/crosstool-NG/builds/xtensa-esp-elf/xtensa-esp-elf --with-sysroot=/builds/idf/crosstool-NG/builds/xtensa-esp-elf/xtensa-esp-elf --with-native-system-header-dir=/include --with-headers=/builds/idf/crosstool-NG/builds/xtensa-esp-elf/xtensa-esp-elf/include --with-newlib --enable-threads=no --disable-shared --with-pkgversion='crosstool-NG esp-15.2.0_20251204' --disable-__cxa_atexit --enable-cxx-flags='-ffunction-sections -fdata-sections' --disable-libgomp --disable-libmudflap --disable-libmpx --disable-libssp --disable-libquadmath --disable-libquadmath-support --disable-libstdcxx-verbose --with-gmp=/builds/idf/crosstool-NG/.build/xtensa-esp-elf/buildtools --with-mpfr=/builds/idf/crosstool-NG/.build/xtensa-esp-elf/buildtools --with-mpc=/builds/idf/crosstool-NG/.build/xtensa-esp-elf/buildtools --with-isl=/builds/idf/crosstool-NG/.build/xtensa-esp-elf/buildtools --enable-lto --enable-target-optspace --without-long-double-128 --enable-plugin --disable-nls --enable-multiarch --enable-languages=c c++ --disable-libstdcxx-verbose --enable-threads=posix --enable-libstdcxx-time=yes --disable-win32-utf8-manifest]
  ignore line: [Thread model: posix]
  ignore line: [Supported LTO compression algorithms: zlib zstd]
  ignore line: [gcc version 15.2.0 (crosstool-NG esp-15.2.0_20251204) ]
  ignore line: [COLLECT_GCC_OPTIONS='-mdynconfig=xtensa_esp32.so' '-v' '-o' 'CMakeFiles/cmTC_33a09.dir/CMakeCCompilerABI.c.obj' '-c' '-dumpdir' 'CMakeFiles/cmTC_33a09.dir/']
  ignore line: [ /root/.espressif/tools/xtensa-esp-elf/esp-15.2.0_20251204/xtensa-esp-elf/bin/../libexec/gcc/xtensa-esp-elf/15.2.0/cc1 -quiet -v -imultilib esp32 -iprefix /root/.espressif/tools/xtensa-esp-elf/esp-15.2.0_20251204/xtensa-esp-elf/bin/../lib/gcc/xtensa-esp-elf/15.2.0/ -isysroot /root/.espressif/tools/xtensa-esp-elf/esp-15.2.0_20251204/xtensa-esp-elf/bin/../xtensa-esp-elf /usr/share/cmake-3.22/Modules/CMakeCCompilerABI.c -quiet -dumpdir CMakeFiles/cmTC_33a09.dir/ -dumpbase CMakeCCompilerABI.c.c -dumpbase-ext .c -mdynconfig=xtensa_esp32.so -version -o /tmp/cc5WkIVu.s]
  ignore line: [GNU C23 (crosstool-NG esp-15.2.0_20251204) version 15.2.0 (xtensa-esp-elf)]
  ignore line: [	compiled by GNU C version 6.3.0  GMP version 6.3.0  MPFR version 4.2.1  MPC version 1.3.1  isl version isl-0.26-GMP]
  ignore line: []
  ignore line: [GGC heuristics: --param ggc-min-expand=100 --param ggc-min-heapsize=131072]
  ignore line: [ignoring duplicate directory "/root/.espressif/tools/xtensa-esp-elf/esp-15.2.0_20251204/xtensa-esp-elf/bin/../lib/gcc/../../lib/gcc/xtensa-esp-elf/15.2.0/include"]
  ignore line: [ignoring nonexistent directory "/root/.espressif/tools/xtensa-esp-elf/esp-15.2.0_20251204/xtensa-esp-elf/bin/../xtensa-esp-elf/builds/idf/crosstool-NG/builds/xtensa-esp-elf/xtensa-esp-elf/include"]
  ignore line: [ignoring duplicate directory "/root/.espressif/tools/xtensa-esp-elf/esp-15.2.0_20251204/xtensa-esp-elf/bin/../lib/gcc/../../lib/gcc/xtensa-esp-elf/15.2.0/include-fixed"]
  ignore line: [ignoring duplicate directory "/root/.espressif/tools/xtensa-esp-elf/esp-15.2.0_20251204/xtensa-esp-elf/bin/../lib/gcc/../../lib/gcc/xtensa-esp-elf/15.2.0/../../../../xtensa-esp-elf/include"]
  ignore line: [ignoring duplicate directory "/root/.espressif/tools/xtensa-esp-elf/esp-15.2.0_20251204/xtensa-esp-elf/bin/../xtensa-esp-elf/include"]
  ignore line: [#include "..." search starts here:]
  ignore line: [#include <...> search starts here:]
  ignore line: [ /root/.espressif/tools/xtensa-esp-elf/esp-15.2.0_20251204/xtensa-esp-elf/bin/../lib/gcc/xtensa-esp-elf/15.2.0/include]
  ignore line: [ /root/.espressif/tools/xtensa-esp-elf/esp-15.2.0_20251204/xtensa-esp-elf/bin/../lib/gcc/xtensa-esp-elf/15.2.0/include-fixed]
  ignore line: [ /root/.espressif/tools/xtensa-esp-elf/esp-15.2.0_20251204/xtensa-esp-elf/bin/../lib/gcc/xtensa-esp-elf/15.2.0/../../../../xtensa-esp-elf/include]
  ignore line: [End of search list.]
  ignore line: [Compiler executable checksum: 023236c824ceaa5629805e8d1b1d2049]
  ignore line: [COLLECT_GCC_OPTIONS='-mdynconfig=xtensa_esp32.so' '-v' '-o' 'CMakeFiles/cmTC_33a09.dir/CMakeCCompilerABI.c.obj' '-c' '-dumpdir' 'CMakeFiles/cmTC_33a09.dir/']
  ignore line: [ /root/.espressif/tools/xtensa-esp-elf/esp-15.2.0_20251204/xtensa-esp-elf/bin/../lib/gcc/xtensa-esp-elf/15.2.0/../../../../xtensa-esp-elf/bin/as --traditional-format --dynconfig=xtensa_esp32.so -o CMakeFiles/cmTC_33a09.dir/CMakeCCompilerABI.c.obj /tmp/cc5WkIVu.s]
  ignore line: [COMPILER_PATH=/root/.espressif/tools/xtensa-esp-elf/esp-15.2.0_20251204/xtensa-esp-elf/bin/../libexec/gcc/xtensa-esp-elf/15.2.0/:/root/.espressif/tools/xtensa-esp-elf/esp-15.2.0_20251204/xtensa-esp-elf/bin/../libexec/gcc/:/root/.espressif/tools/xtensa-esp-elf/esp-15.2.0_20251204/xtensa-esp-elf/bin/../lib/gcc/xtensa-esp-elf/15.2.0/../../../../xtensa-esp-elf/bin/]
  ignore line: [LIBRARY_PATH=/root/.espressif/tools/xtensa-esp-elf/esp-15.2.0_20251204/xtensa-esp-elf/bin/../lib/gcc/xtensa-esp-elf/15.2.0/esp32/:/root/.espressif/tools/xtensa-esp-elf/esp-15.2.0_20251204/xtensa-esp-elf/bin/../lib/gcc/xtensa-esp-elf/15.2.0/../../../../xtensa-esp-elf/lib/esp32/:/root/.espressif/tools/xtensa-esp-elf/esp-15.2.0_20251204/xtensa-esp-elf/bin/../xtensa-esp-elf/lib/esp32/:/root/.espressif/tools/xtensa-esp-elf/esp-15.2.0_20251204/xtensa-esp-elf/bin/../lib/gcc/xtensa-esp-elf/15.2.0/:/root/.espressif/tools/xtensa-esp-elf/esp-15.2.0_20251204/xtensa-esp-elf/bin/../lib/gcc/:/root/.espressif/tools/xtensa-esp-elf/esp-15.2.0_20251204/xtensa-esp-elf/bin/../lib/gcc/xtensa-esp-elf/15.2.0/../../../../xtensa-esp-elf/lib/:/root/.espressif/tools/xtensa-esp-elf/esp-15.2.0_20251204/xtensa-esp-elf/bin/../xtensa-esp-elf/lib/:/root/.espressif/tools/xtensa-esp-elf/esp-15.2.0_20251204/xtensa-esp-elf/bin/../xtensa-esp-elf/usr/lib/]
  ignore line: [COLLECT_GCC_OPTIONS='-mdynconfig=xtensa_esp32.so' '-v' '-o' 'CMakeFiles/cmTC_33a09.dir/CMakeCCompilerABI.c.obj' '-c' '-dumpdir' 'CMakeFiles/cmTC_33a09.dir/CMakeCCompilerABI.c.']
  ignore line: [Linking C executable cmTC_33a09]
  ignore line: [/usr/bin/cmake -E cmake_link_script CMakeFiles/cmTC_33a09.dir/link.txt --verbose=1]
  ignore line: [/root/.espressif/tools/xtensa-esp-elf/esp-15.2.0_20251204/xtensa-esp-elf/bin/xtensa-esp32-elf-gcc @"/home/olwhistle/dockerNow/esp32/programs/ovs/build/bootloader/toolchain/cflags"  @"/home/olwhistle/dockerNow/esp32/programs/ovs/build/bootloader/toolchain/ldflags" -v CMakeFiles/cmTC_33a09.dir/CMakeCCompilerABI.c.obj -o cmTC_33a09 ]
  ignore line: [Using built-in specs.]
  ignore line: [COLLECT_GCC=/root/.espressif/tools/xtensa-esp-elf/esp-15.2.0_20251204/xtensa-esp-elf/bin/xtensa-esp-elf-gcc]
  ignore line: [COLLECT_LTO_WRAPPER=/root/.espressif/tools/xtensa-esp-elf/esp-15.2.0_20251204/xtensa-esp-elf/bin/../libexec/gcc/xtensa-esp-elf/15.2.0/lto-wrapper]
  ignore line: [Target: xtensa-esp-elf]
  ignore line: [Configured with: /builds/idf/crosstool-NG/.build/xtensa-esp-elf/src/gcc/configure --build=x86_64-build_pc-linux-gnu --host=x86_64-build_pc-linux-gnu --target=xtensa-esp-elf --prefix=/builds/idf/crosstool-NG/builds/xtensa-esp-elf --exec_prefix=/builds/idf/crosstool-NG/builds/xtensa-esp-elf --with-local-prefix=/builds/idf/crosstool-NG/builds/xtensa-esp-elf/xtensa-esp-elf --with-sysroot=/builds/idf/crosstool-NG/builds/xtensa-esp-elf/xtensa-esp-elf --with-native-system-header-dir=/include --with-headers=/builds/idf/crosstool-NG/builds/xtensa-esp-elf/xtensa-esp-elf/include --with-newlib --enable-threads=no --disable-shared --with-pkgversion='crosstool-NG esp-15.2.0_20251204' --disable-__cxa_atexit --enable-cxx-flags='-ffunction-sections -fdata-sections' --disable-libgomp --disable-libmudflap --disable-libmpx --disable-libssp --disable-libquadmath --disable-libquadmath-support --disable-libstdcxx-verbose --with-gmp=/builds/idf/crosstool-NG/.build/xtensa-esp-elf/buildtools --with-mpfr=/builds/idf/crosstool-NG/.build/xtensa-esp-elf/buildtools --with-mpc=/builds/idf/crosstool-NG/.build/xtensa-esp-elf/buildtools --with-isl=/builds/idf/crosstool-NG/.build/xtensa-esp-elf/buildtools --enable-lto --enable-target-optspace --without-long-double-128 --enable-plugin --disable-nls --enable-multiarch --enable-languages=c c++ --disable-libstdcxx-verbose --enable-threads=posix --enable-libstdcxx-time=yes --disable-win32-utf8-manifest]
  ignore line: [Thread model: posix]
  ignore line: [Supported LTO compression algorithms: zlib zstd]
  ignore line: [gcc version 15.2.0 (crosstool-NG esp-15.2.0_20251204) ]
  ignore line: [COMPILER_PATH=/root/.espressif/tools/xtensa-esp-elf/esp-15.2.0_20251204/xtensa-esp-elf/bin/../libexec/gcc/xtensa-esp-elf/15.2.0/:/root/.espressif/tools/xtensa-esp-elf/esp-15.2.0_20251204/xtensa-esp-elf/bin/../libexec/gcc/:/root/.espressif/tools/xtensa-esp-elf/esp-15.2.0_20251204/xtensa-esp-elf/bin/../lib/gcc/xtensa-esp-elf/15.2.0/../../../../xtensa-esp-elf/bin/]
  ignore line: [LIBRARY_PATH=/root/.espressif/tools/xtensa-esp-elf/esp-15.2.0_20251204/xtensa-esp-elf/bin/../lib/gcc/xtensa-esp-elf/15.2.0/esp32/:/root/.espressif/tools/xtensa-esp-elf/esp-15.2.0_20251204/xtensa-esp-elf/bin/../lib/gcc/xtensa-esp-elf/15.2.0/../../../../xtensa-esp-elf/lib/esp32/:/root/.espressif/tools/xtensa-esp-elf/esp-15.2.0_20251204/xtensa-esp-elf/bin/../xtensa-esp-elf/lib/esp32/:/root/.espressif/tools/xtensa-esp-elf/esp-15.2.0_20251204/xtensa-esp-elf/bin/../lib/gcc/xtensa-esp-elf/15.2.0/:/root/.espressif/tools/xtensa-esp-elf/esp-15.2.0_20251204/xtensa-esp-elf/bin/../lib/gcc/:/root/.espressif/tools/xtensa-esp-elf/esp-15.2.0_20251204/xtensa-esp-elf/bin/../lib/gcc/xtensa-esp-elf/15.2.0/../../../../xtensa-esp-elf/lib/:/root/.espressif/tools/xtensa-esp-elf/esp-15.2.0_20251204/xtensa-esp-elf/bin/../xtensa-esp-elf/lib/:/root/.espressif/tools/xtensa-esp-elf/esp-15.2.0_20251204/xtensa-esp-elf/bin/../xtensa-esp-elf/usr/lib/]
  ignore line: [COLLECT_GCC_OPTIONS='-mdynconfig=xtensa_esp32.so' '-v' '-o' 'cmTC_33a09' '-dumpdir' 'cmTC_33a09.']
  link line: [ /root/.espressif/tools/xtensa-esp-elf/esp-15.2.0_20251204/xtensa-esp-elf/bin/../libexec/gcc/xtensa-esp-elf/15.2.0/collect2 -plugin /root/.espressif/tools/xtensa-esp-elf/esp-15.2.0_20251204/xtensa-esp-elf/bin/../libexec/gcc/xtensa-esp-elf/15.2.0/liblto_plugin.so -plugin-opt=/root/.espressif/tools/xtensa-esp-elf/esp-15.2.0_20251204/xtensa-esp-elf/bin/../libexec/gcc/xtensa-esp-elf/15.2.0/lto-wrapper -plugin-opt=-fresolution=/tmp/ccYAaz0j.res -plugin-opt=-pass-through=-lgcc -plugin-opt=-pass-through=-lc -plugin-opt=-pass-through=-lnosys -plugin-opt=-pass-through=-lc -plugin-opt=-pass-through=-lgcc --sysroot=/root/.espressif/tools/xtensa-esp-elf/esp-15.2.0_20251204/xtensa-esp-elf/bin/../xtensa-esp-elf --dynconfig=xtensa_esp32.so -o cmTC_33a09 /root/.espressif/tools/xtensa-esp-elf/esp-15.2.0_20251204/xtensa-esp-elf/bin/../lib/gcc/xtensa-esp-elf/15.2.0/../../../../xtensa-esp-elf/lib/esp32/crt0.o /root/.espressif/tools/xtensa-esp-elf/esp-15.2.0_20251204/xtensa-esp-elf/bin/../lib/gcc/xtensa-esp-elf/15.2.0/esp32/crti.o /root/.espressif/tools/xtensa-esp-elf/esp-15.2.0_20251204/xtensa-esp-elf/bin/../lib/gcc/xtensa-esp-elf/15.2.0/esp32/crtbegin.o -L/root/.espressif/tools/xtensa-esp-elf/esp-15.2.0_20251204/xtensa-esp-elf/bin/../lib/gcc/xtensa-esp-elf/15.2.0/esp32 -L/root/.espressif/tools/xtensa-esp-elf/esp-15.2.0_20251204/xtensa-esp-elf/bin/../lib/gcc/xtensa-esp-elf/15.2.0/../../../../xtensa-esp-elf/lib/esp32 -L/root/.espressif/tools/xtensa-esp-elf/esp-15.2.0_20251204/xtensa-esp-elf/bin/../xtensa-esp-elf/lib/esp32 -L/root/.espressif/tools/xtensa-esp-elf/esp-15.2.0_20251204/xtensa-esp-elf/bin/../lib/gcc/xtensa-esp-elf/15.2.0 -L/root/.espressif/tools/xtensa-esp-elf/esp-15.2.0_20251204/xtensa-esp-elf/bin/../lib/gcc -L/root/.espressif/tools/xtensa-esp-elf/esp-15.2.0_20251204/xtensa-esp-elf/bin/../lib/gcc/xtensa-esp-elf/15.2.0/../../../../xtensa-esp-elf/lib -L/root/.espressif/tools/xtensa-esp-elf/esp-15.2.0_20251204/xtensa-esp-elf/bin/../xtensa-esp-elf/lib -L/root/.espressif/tools/xtensa-esp-elf/esp-15.2.0_20251204/xtensa-esp-elf/bin/../xtensa-esp-elf/usr/lib @/tmp/ccrGHWFl -lgcc -lc -lnosys -lc -lgcc /root/.espressif/tools/xtensa-esp-elf/esp-15.2.0_20251204/xtensa-esp-elf/bin/../lib/gcc/xtensa-esp-elf/15.2.0/esp32/crtend.o /root/.espressif/tools/xtensa-esp-elf/esp-15.2.0_20251204/xtensa-esp-elf/bin/../lib/gcc/xtensa-esp-elf/15.2.0/esp32/crtn.o]
    arg [/root/.espressif/tools/xtensa-esp-elf/esp-15.2.0_20251204/xtensa-esp-elf/bin/../libexec/gcc/xtensa-esp-elf/15.2.0/collect2] ==> ignore
    arg [-plugin] ==> ignore
    arg [/root/.espressif/tools/xtensa-esp-elf/esp-15.2.0_20251204/xtensa-esp-elf/bin/../libexec/gcc/xtensa-esp-elf/15.2.0/liblto_plugin.so] ==> ignore
    arg [-plugin-opt=/root/.espressif/tools/xtensa-esp-elf/esp-15.2.0_20251204/xtensa-esp-elf/bin/../libexec/gcc/xtensa-esp-elf/15.2.0/lto-wrapper] ==> ignore
    arg [-plugin-opt=-fresolution=/tmp/ccYAaz0j.res] ==> ignore
    arg [-plugin-opt=-pass-through=-lgcc] ==> ignore
    arg [-plugin-opt=-pass-through=-lc] ==> ignore
    arg [-plugin-opt=-pass-through=-lnosys] ==> ignore
    arg [-plugin-opt=-pass-through=-lc] ==> ignore
    arg [-plugin-opt=-pass-through=-lgcc] ==> ignore
    arg [--sysroot=/root/.espressif/tools/xtensa-esp-elf/esp-15.2.0_20251204/xtensa-esp-elf/bin/../xtensa-esp-elf] ==> ignore
    arg [--dynconfig=xtensa_esp32.so] ==> ignore
    arg [-o] ==> ignore
    arg [cmTC_33a09] ==> ignore
    arg [/root/.espressif/tools/xtensa-esp-elf/esp-15.2.0_20251204/xtensa-esp-elf/bin/../lib/gcc/xtensa-esp-elf/15.2.0/../../../../xtensa-esp-elf/lib/esp32/crt0.o] ==> obj [/root/.espressif/tools/xtensa-esp-elf/esp-15.2.0_20251204/xtensa-esp-elf/bin/../lib/gcc/xtensa-esp-elf/15.2.0/../../../../xtensa-esp-elf/lib/esp32/crt0.o]
    arg [/root/.espressif/tools/xtensa-esp-elf/esp-15.2.0_20251204/xtensa-esp-elf/bin/../lib/gcc/xtensa-esp-elf/15.2.0/esp32/crti.o] ==> obj [/root/.espressif/tools/xtensa-esp-elf/esp-15.2.0_20251204/xtensa-esp-elf/bin/../lib/gcc/xtensa-esp-elf/15.2.0/esp32/crti.o]
    arg [/root/.espressif/tools/xtensa-esp-elf/esp-15.2.0_20251204/xtensa-esp-elf/bin/../lib/gcc/xtensa-esp-elf/15.2.0/esp32/crtbegin.o] ==> obj [/root/.espressif/tools/xtensa-esp-elf/esp-15.2.0_20251204/xtensa-esp-elf/bin/../lib/gcc/xtensa-esp-elf/15.2.0/esp32/crtbegin.o]
    arg [-L/root/.espressif/tools/xtensa-esp-elf/esp-15.2.0_20251204/xtensa-esp-elf/bin/../lib/gcc/xtensa-esp-elf/15.2.0/esp32] ==> dir [/root/.espressif/tools/xtensa-esp-elf/esp-15.2.0_20251204/xtensa-esp-elf/bin/../lib/gcc/xtensa-esp-elf/15.2.0/esp32]
    arg [-L/root/.espressif/tools/xtensa-esp-elf/esp-15.2.0_20251204/xtensa-esp-elf/bin/../lib/gcc/xtensa-esp-elf/15.2.0/../../../../xtensa-esp-elf/lib/esp32] ==> dir [/root/.espressif/tools/xtensa-esp-elf/esp-15.2.0_20251204/xtensa-esp-elf/bin/../lib/gcc/xtensa-esp-elf/15.2.0/../../../../xtensa-esp-elf/lib/esp32]
    arg [-L/root/.espressif/tools/xtensa-esp-elf/esp-15.2.0_20251204/xtensa-esp-elf/bin/../xtensa-esp-elf/lib/esp32] ==> dir [/root/.espressif/tools/xtensa-esp-elf/esp-15.2.0_20251204/xtensa-esp-elf/bin/../xtensa-esp-elf/lib/esp32]
    arg [-L/root/.espressif/tools/xtensa-esp-elf/esp-15.2.0_20251204/xtensa-esp-elf/bin/../lib/gcc/xtensa-esp-elf/15.2.0] ==> dir [/root/.espressif/tools/xtensa-esp-elf/esp-15.2.0_20251204/xtensa-esp-elf/bin/../lib/gcc/xtensa-esp-elf/15.2.0]
    arg [-L/root/.espressif/tools/xtensa-esp-elf/esp-15.2.0_20251204/xtensa-esp-elf/bin/../lib/gcc] ==> dir [/root/.espressif/tools/xtensa-esp-elf/esp-15.2.0_20251204/xtensa-esp-elf/bin/../lib/gcc]
    arg [-L/root/.espressif/tools/xtensa-esp-elf/esp-15.2.0_20251204/xtensa-esp-elf/bin/../lib/gcc/xtensa-esp-elf/15.2.0/../../../../xtensa-esp-elf/lib] ==> dir [/root/.espressif/tools/xtensa-esp-elf/esp-15.2.0_20251204/xtensa-esp-elf/bin/../lib/gcc/xtensa-esp-elf/15.2.0/../../../../xtensa-esp-elf/lib]
    arg [-L/root/.espressif/tools/xtensa-esp-elf/esp-15.2.0_20251204/xtensa-esp-elf/bin/../xtensa-esp-elf/lib] ==> dir [/root/.espressif/tools/xtensa-esp-elf/esp-15.2.0_20251204/xtensa-esp-elf/bin/../xtensa-esp-elf/lib]
    arg [-L/root/.espressif/tools/xtensa-esp-elf/esp-15.2.0_20251204/xtensa-esp-elf/bin/../xtensa-esp-elf/usr/lib] ==> dir [/root/.espressif/tools/xtensa-esp-elf/esp-15.2.0_20251204/xtensa-esp-elf/bin/../xtensa-esp-elf/usr/lib]
    arg [@/tmp/ccrGHWFl] ==> ignore
    arg [-lgcc] ==> lib [gcc]
    arg [-lc] ==> lib [c]
    arg [-lnosys] ==> lib [nosys]
    arg [-lc] ==> lib [c]
    arg [-lgcc] ==> lib [gcc]
    arg [/root/.espressif/tools/xtensa-esp-elf/esp-15.2.0_20251204/xtensa-esp-elf/bin/../lib/gcc/xtensa-esp-elf/15.2.0/esp32/crtend.o] ==> obj [/root/.espressif/tools/xtensa-esp-elf/esp-15.2.0_20251204/xtensa-esp-elf/bin/../lib/gcc/xtensa-esp-elf/15.2.0/esp32/crtend.o]
    arg [/root/.espressif/tools/xtensa-esp-elf/esp-15.2.0_20251204/xtensa-esp-elf/bin/../lib/gcc/xtensa-esp-elf/15.2.0/esp32/crtn.o] ==> obj [/root/.espressif/tools/xtensa-esp-elf/esp-15.2.0_20251204/xtensa-esp-elf/bin/../lib/gcc/xtensa-esp-elf/15.2.0/esp32/crtn.o]
  collapse obj [/root/.espressif/tools/xtensa-esp-elf/esp-15.2.0_20251204/xtensa-esp-elf/bin/../lib/gcc/xtensa-esp-elf/15.2.0/../../../../xtensa-esp-elf/lib/esp32/crt0.o] ==> [/root/.espressif/tools/xtensa-esp-elf/esp-15.2.0_20251204/xtensa-esp-elf/xtensa-esp-elf/lib/esp32/crt0.o]
  collapse obj [/root/.espressif/tools/xtensa-esp-elf/esp-15.2.0_20251204/xtensa-esp-elf/bin/../lib/gcc/xtensa-esp-elf/15.2.0/esp32/crti.o] ==> [/root/.espressif/tools/xtensa-esp-elf/esp-15.2.0_20251204/xtensa-esp-elf/lib/gcc/xtensa-esp-elf/15.2.0/esp32/crti.o]
  collapse obj [/root/.espressif/tools/xtensa-esp-elf/esp-15.2.0_20251204/xtensa-esp-elf/bin/../lib/gcc/xtensa-esp-elf/15.2.0/esp32/crtbegin.o] ==> [/root/.espressif/tools/xtensa-esp-elf/esp-15.2.0_20251204/xtensa-esp-elf/lib/gcc/xtensa-esp-elf/15.2.0/esp32/crtbegin.o]
  collapse obj [/root/.espressif/tools/xtensa-esp-elf/esp-15.2.0_20251204/xtensa-esp-elf/bin/../lib/gcc/xtensa-esp-elf/15.2.0/esp32/crtend.o] ==> [/root/.espressif/tools/xtensa-esp-elf/esp-15.2.0_20251204/xtensa-esp-elf/lib/gcc/xtensa-esp-elf/15.2.0/esp32/crtend.o]
  collapse obj [/root/.espressif/tools/xtensa-esp-elf/esp-15.2.0_20251204/xtensa-esp-elf/bin/../lib/gcc/xtensa-esp-elf/15.2.0/esp32/crtn.o] ==> [/root/.espressif/tools/xtensa-esp-elf/esp-15.2.0_20251204/xtensa-esp-elf/lib/gcc/xtensa-esp-elf/15.2.0/esp32/crtn.o]
  collapse library dir [/root/.espressif/tools/xtensa-esp-elf/esp-15.2.0_20251204/xtensa-esp-elf/bin/../lib/gcc/xtensa-esp-elf/15.2.0/esp32] ==> [/root/.espressif/tools/xtensa-esp-elf/esp-15.2.0_20251204/xtensa-esp-elf/lib/gcc/xtensa-esp-elf/15.2.0/esp32]
  collapse library dir [/root/.espressif/tools/xtensa-esp-elf/esp-15.2.0_20251204/xtensa-esp-elf/bin/../lib/gcc/xtensa-esp-elf/15.2.0/../../../../xtensa-esp-elf/lib/esp32] ==> [/root/.espressif/tools/xtensa-esp-elf/esp-15.2.0_20251204/xtensa-esp-elf/xtensa-esp-elf/lib/esp32]
  collapse library dir [/root/.espressif/tools/xtensa-esp-elf/esp-15.2.0_20251204/xtensa-esp-elf/bin/../xtensa-esp-elf/lib/esp32] ==> [/root/.espressif/tools/xtensa-esp-elf/esp-15.2.0_20251204/xtensa-esp-elf/xtensa-esp-elf/lib/esp32]
  collapse library dir [/root/.espressif/tools/xtensa-esp-elf/esp-15.2.0_20251204/xtensa-esp-elf/bin/../lib/gcc/xtensa-esp-elf/15.2.0] ==> [/root/.espressif/tools/xtensa-esp-elf/esp-15.2.0_20251204/xtensa-esp-elf/lib/gcc/xtensa-esp-elf/15.2.0]
  collapse library dir [/root/.espressif/tools/xtensa-esp-elf/esp-15.2.0_20251204/xtensa-esp-elf/bin/../lib/gcc] ==> [/root/.espressif/tools/xtensa-esp-elf/esp-15.2.0_20251204/xtensa-esp-elf/lib/gcc]
  collapse library dir [/root/.espressif/tools/xtensa-esp-elf/esp-15.2.0_20251204/xtensa-esp-elf/bin/../lib/gcc/xtensa-esp-elf/15.2.0/../../../../xtensa-esp-elf/lib] ==> [/root/.espressif/tools/xtensa-esp-elf/esp-15.2.0_20251204/xtensa-esp-elf/xtensa-esp-elf/lib]
  collapse library dir [/root/.espressif/tools/xtensa-esp-elf/esp-15.2.0_20251204/xtensa-esp-elf/bin/../xtensa-esp-elf/lib] ==> [/root/.espressif/tools/xtensa-esp-elf/esp-15.2.0_20251204/xtensa-esp-elf/xtensa-esp-elf/lib]
  collapse library dir [/root/.espressif/tools/xtensa-esp-elf/esp-15.2.0_20251204/xtensa-esp-elf/bin/../xtensa-esp-elf/usr/lib] ==> [/root/.espressif/tools/xtensa-esp-elf/esp-15.2.0_20251204/xtensa-esp-elf/xtensa-esp-elf/usr/lib]
  implicit libs: [gcc;c;nosys;c;gcc]
  implicit objs: [/root/.espressif/tools/xtensa-esp-elf/esp-15.2.0_20251204/xtensa-esp-elf/xtensa-esp-elf/lib/esp32/crt0.o;/root/.espressif/tools/xtensa-esp-elf/esp-15.2.0_20251204/xtensa-esp-elf/lib/gcc/xtensa-esp-elf/15.2.0/esp32/crti.o;/root/.espressif/tools/xtensa-esp-elf/esp-15.2.0_20251204/xtensa-esp-elf/lib/gcc/xtensa-esp-elf/15.2.0/esp32/crtbegin.o;/root/.espressif/tools/xtensa-esp-elf/esp-15.2.0_20251204/xtensa-esp-elf/lib/gcc/xtensa-esp-elf/15.2.0/esp32/crtend.o;/root/.espressif/tools/xtensa-esp-elf/esp-15.2.0_20251204/xtensa-esp-elf/lib/gcc/xtensa-esp-elf/15.2.0/esp32/crtn.o]
  implicit dirs: [/root/.espressif/tools/xtensa-esp-elf/esp-15.2.0_20251204/xtensa-esp-elf/lib/gcc/xtensa-esp-elf/15.2.0/esp32;/root/.espressif/tools/xtensa-esp-elf/esp-15.2.0_20251204/xtensa-esp-elf/xtensa-esp-elf/lib/esp32;/root/.espressif/tools/xtensa-esp-elf/esp-15.2.0_20251204/xtensa-esp-elf/lib/gcc/xtensa-esp-elf/15.2.0;/root/.espressif/tools/xtensa-esp-elf/esp-15.2.0_20251204/xtensa-esp-elf/lib/gcc;/root/.espressif/tools/xtensa-esp-elf/esp-15.2.0_20251204/xtensa-esp-elf/xtensa-esp-elf/lib;/root/.espressif/tools/xtensa-esp-elf/esp-15.2.0_20251204/xtensa-esp-elf/xtensa-esp-elf/usr/lib]
  implicit fwks: []


Detecting CXX compiler ABI info compiled with the following output:
Change Dir: /home/olwhistle/dockerNow/esp32/programs/ovs/build/bootloader/CMakeFiles/CMakeTmp

Run Build Command(s):/usr/bin/gmake -f Makefile cmTC_8d8d4/fast && gmake[3]: Entering directory '/home/olwhistle/dockerNow/esp32/programs/ovs/build/bootloader/CMakeFiles/CMakeTmp'
/usr/bin/gmake  -f CMakeFiles/cmTC_8d8d4.dir/build.make CMakeFiles/cmTC_8d8d4.dir/build
gmake[4]: Entering directory '/home/olwhistle/dockerNow/esp32/programs/ovs/build/bootloader/CMakeFiles/CMakeTmp'
Building CXX object CMakeFiles/cmTC_8d8d4.dir/CMakeCXXCompilerABI.cpp.obj
/root/.espressif/tools/xtensa-esp-elf/esp-15.2.0_20251204/xtensa-esp-elf/bin/xtensa-esp32-elf-g++   @"/home/olwhistle/dockerNow/esp32/programs/ovs/build/bootloader/toolchain/cxxflags"    -v -o CMakeFiles/cmTC_8d8d4.dir/CMakeCXXCompilerABI.cpp.obj -c /usr/share/cmake-3.22/Modules/CMakeCXXCompilerABI.cpp
Using built-in specs.
COLLECT_GCC=/root/.espressif/tools/xtensa-esp-elf/esp-15.2.0_20251204/xtensa-esp-elf/bin/xtensa-esp-elf-g++
Target: xtensa-esp-elf
Configured with: /builds/idf/crosstool-NG/.build/xtensa-esp-elf/src/gcc/configure --build=x86_64-build_pc-linux-gnu --host=x86_64-build_pc-linux-gnu --target=xtensa-esp-elf --prefix=/builds/idf/crosstool-NG/builds/xtensa-esp-elf --exec_prefix=/builds/idf/crosstool-NG/builds/xtensa-esp-elf --with-local-prefix=/builds/idf/crosstool-NG/builds/xtensa-esp-elf/xtensa-esp-elf --with-sysroot=/builds/idf/crosstool-NG/builds/xtensa-esp-elf/xtensa-esp-elf --with-native-system-header-dir=/include --with-headers=/builds/idf/crosstool-NG/builds/xtensa-esp-elf/xtensa-esp-elf/include --with-newlib --enable-threads=no --disable-shared --with-pkgversion='crosstool-NG esp-15.2.0_20251204' --disable-__cxa_atexit --enable-cxx-flags='-ffunction-sections -fdata-sections' --disable-libgomp --disable-libmudflap --disable-libmpx --disable-libssp --disable-libquadmath --disable-libquadmath-support --disable-libstdcxx-verbose --with-gmp=/builds/idf/crosstool-NG/.build/xtensa-esp-elf/buildtools --with-mpfr=/builds/idf/crosstool-NG/.build/xtensa-esp-elf/buildtools --with-mpc=/builds/idf/crosstool-NG/.build/xtensa-esp-elf/buildtools --with-isl=/builds/idf/crosstool-NG/.build/xtensa-esp-elf/buildtools --enable-lto --enable-target-optspace --without-long-double-128 --enable-plugin --disable-nls --enable-multiarch --enable-languages=c,c++ --disable-libstdcxx-verbose --enable-threads=posix --enable-libstdcxx-time=yes --disable-win32-utf8-manifest
Thread model: posix
Supported LTO compression algorithms: zlib zstd
gcc version 15.2.0 (crosstool-NG esp-15.2.0_20251204) 
COLLECT_GCC_OPTIONS='-mdynconfig=xtensa_esp32.so' '-v' '-o' 'CMakeFiles/cmTC_8d8d4.dir/CMakeCXXCompilerABI.cpp.obj' '-c' '-dumpdir' 'CMakeFiles/cmTC_8d8d4.dir/'
 /root/.espressif/tools/xtensa-esp-elf/esp-15.2.0_20251204/xtensa-esp-elf/bin/../libexec/gcc/xtensa-esp-elf/15.2.0/cc1plus -quiet -v -imultilib esp32 -iprefix /root/.espressif/tools/xtensa-esp-elf/esp-15.2.0_20251204/xtensa-esp-elf/bin/../lib/gcc/xtensa-esp-elf/15.2.0/ -isysroot /root/.espressif/tools/xtensa-esp-elf/esp-15.2.0_20251204/xtensa-esp-elf/bin/../xtensa-esp-elf /usr/share/cmake-3.22/Modules/CMakeCXXCompilerABI.cpp -quiet -dumpdir CMakeFiles/cmTC_8d8d4.dir/ -dumpbase CMakeCXXCompilerABI.cpp.cpp -dumpbase-ext .cpp -mdynconfig=xtensa_esp32.so -version -o /tmp/ccfrN5Qj.s
GNU C++17 (crosstool-NG esp-15.2.0_20251204) version 15.2.0 (xtensa-esp-elf)
	compiled by GNU C version 6.3.0, GMP version 6.3.0, MPFR version 4.2.1, MPC version 1.3.1, isl version isl-0.26-GMP

GGC heuristics: --param ggc-min-expand=100 --param ggc-min-heapsize=131072
ignoring duplicate directory "/root/.espressif/tools/xtensa-esp-elf/esp-15.2.0_20251204/xtensa-esp-elf/bin/../lib/gcc/../../lib/gcc/xtensa-esp-elf/15.2.0/../../../../xtensa-esp-elf/include/c++/15.2.0"
ignoring duplicate directory "/root/.espressif/tools/xtensa-esp-elf/esp-15.2.0_20251204/xtensa-esp-elf/bin/../lib/gcc/../../lib/gcc/xtensa-esp-elf/15.2.0/../../../../xtensa-esp-elf/include/c++/15.2.0/xtensa-esp-elf/esp32"
ignoring duplicate directory "/root/.espressif/tools/xtensa-esp-elf/esp-15.2.0_20251204/xtensa-esp-elf/bin/../lib/gcc/../../lib/gcc/xtensa-esp-elf/15.2.0/../../../../xtensa-esp-elf/include/c++/15.2.0/backward"
ignoring duplicate directory "/root/.espressif/tools/xtensa-esp-elf/esp-15.2.0_20251204/xtensa-esp-elf/bin/../lib/gcc/../../lib/gcc/xtensa-esp-elf/15.2.0/include"
ignoring nonexistent directory "/root/.espressif/tools/xtensa-esp-elf/esp-15.2.0_20251204/xtensa-esp-elf/bin/../xtensa-esp-elf/builds/idf/crosstool-NG/builds/xtensa-esp-elf/xtensa-esp-elf/include"
ignoring duplicate directory "/root/.espressif/tools/xtensa-esp-elf/esp-15.2.0_20251204/xtensa-esp-elf/bin/../lib/gcc/../../lib/gcc/xtensa-esp-elf/15.2.0/include-fixed"
ignoring duplicate directory "/root/.espressif/tools/xtensa-esp-elf/esp-15.2.0_20251204/xtensa-esp-elf/bin/../lib/gcc/../../lib/gcc/xtensa-esp-elf/15.2.0/../../../../xtensa-esp-elf/include"
ignoring duplicate directory "/root/.espressif/tools/xtensa-esp-elf/esp-15.2.0_20251204/xtensa-esp-elf/bin/../xtensa-esp-elf/include"
#include "..." search starts here:
#include <...> search starts here:
 /root/.espressif/tools/xtensa-esp-elf/esp-15.2.0_20251204/xtensa-esp-elf/bin/../lib/gcc/xtensa-esp-elf/15.2.0/../../../../xtensa-esp-elf/include/c++/15.2.0
 /root/.espressif/tools/xtensa-esp-elf/esp-15.2.0_20251204/xtensa-esp-elf/bin/../lib/gcc/xtensa-esp-elf/15.2.0/../../../../xtensa-esp-elf/include/c++/15.2.0/xtensa-esp-elf/esp32
 /root/.espressif/tools/xtensa-esp-elf/esp-15.2.0_20251204/xtensa-esp-elf/bin/../lib/gcc/xtensa-esp-elf/15.2.0/../../../../xtensa-esp-elf/include/c++/15.2.0/backward
 /root/.espressif/tools/xtensa-esp-elf/esp-15.2.0_20251204/xtensa-esp-elf/bin/../lib/gcc/xtensa-esp-elf/15.2.0/include
 /root/.espressif/tools/xtensa-esp-elf/esp-15.2.0_20251204/xtensa-esp-elf/bin/../lib/gcc/xtensa-esp-elf/15.2.0/include-fixed
 /root/.espressif/tools/xtensa-esp-elf/esp-15.2.0_20251204/xtensa-esp-elf/bin/../lib/gcc/xtensa-esp-elf/15.2.0/../../../../xtensa-esp-elf/include
End of search list.
Compiler executable checksum: ddaf5163ec1d262ade9e7a5c85eeee1b
COLLECT_GCC_OPTIONS='-mdynconfig=xtensa_esp32.so' '-v' '-o' 'CMakeFiles/cmTC_8d8d4.dir/CMakeCXXCompilerABI.cpp.obj' '-c' '-dumpdir' 'CMakeFiles/cmTC_8d8d4.dir/'
 /root/.espressif/tools/xtensa-esp-elf/esp-15.2.0_20251204/xtensa-esp-elf/bin/../lib/gcc/xtensa-esp-elf/15.2.0/../../../../xtensa-esp-elf/bin/as --traditional-format --dynconfig=xtensa_esp32.so -o CMakeFiles/cmTC_8d8d4.dir/CMakeCXXCompilerABI.cpp.obj /tmp/ccfrN5Qj.s
COMPILER_PATH=/root/.espressif/tools/xtensa-esp-elf/esp-15.2.0_20251204/xtensa-esp-elf/bin/../libexec/gcc/xtensa-esp-elf/15.2.0/:/root/.espressif/tools/xtensa-esp-elf/esp-15.2.0_20251204/xtensa-esp-elf/bin/../libexec/gcc/:/root/.espressif/tools/xtensa-esp-elf/esp-15.2.0_20251204/xtensa-esp-elf/bin/../lib/gcc/xtensa-esp-elf/15.2.0/../../../../xtensa-esp-elf/bin/
LIBRARY_PATH=/root/.espressif/tools/xtensa-esp-elf/esp-15.2.0_20251204/xtensa-esp-elf/bin/../lib/gcc/xtensa-esp-elf/15.2.0/esp32/:/root/.espressif/tools/xtensa-esp-elf/esp-15.2.0_20251204/xtensa-esp-elf/bin/../lib/gcc/xtensa-esp-elf/15.2.0/../../../../xtensa-esp-elf/lib/esp32/:/root/.espressif/tools/xtensa-esp-elf/esp-15.2.0_20251204/xtensa-esp-elf/bin/../xtensa-esp-elf/lib/esp32/:/root/.espressif/tools/xtensa-esp-elf/esp-15.2.0_20251204/xtensa-esp-elf/bin/../lib/gcc/xtensa-esp-elf/15.2.0/:/root/.espressif/tools/xtensa-esp-elf/esp-15.2.0_20251204/xtensa-esp-elf/bin/../lib/gcc/:/root/.espressif/tools/xtensa-esp-elf/esp-15.2.0_20251204/xtensa-esp-elf/bin/../lib/gcc/xtensa-esp-elf/15.2.0/../../../../xtensa-esp-elf/lib/:/root/.espressif/tools/xtensa-esp-elf/esp-15.2.0_20251204/xtensa-esp-elf/bin/../xtensa-esp-elf/lib/:/root/.espressif/tools/xtensa-esp-elf/esp-15.2.0_20251204/xtensa-esp-elf/bin/../xtensa-esp-elf/usr/lib/
COLLECT_GCC_OPTIONS='-mdynconfig=xtensa_esp32.so' '-v' '-o' 'CMakeFiles/cmTC_8d8d4.dir/CMakeCXXCompilerABI.cpp.obj' '-c' '-dumpdir' 'CMakeFiles/cmTC_8d8d4.dir/CMakeCXXCompilerABI.cpp.'
Linking CXX executable cmTC_8d8d4
/usr/bin/cmake -E cmake_link_script CMakeFiles/cmTC_8d8d4.dir/link.txt --verbose=1
/root/.espressif/tools/xtensa-esp-elf/esp-15.2.0_20251204/xtensa-esp-elf/bin/xtensa-esp32-elf-g++ @"/home/olwhistle/dockerNow/esp32/programs/ovs/build/bootloader/toolchain/cxxflags"  @"/home/olwhistle/dockerNow/esp32/programs/ovs/build/bootloader/toolchain/ldflags" -v CMakeFiles/cmTC_8d8d4.dir/CMakeCXXCompilerABI.cpp.obj -o cmTC_8d8d4 
Using built-in specs.
COLLECT_GCC=/root/.espressif/tools/xtensa-esp-elf/esp-15.2.0_20251204/xtensa-esp-elf/bin/xtensa-esp-elf-g++
COLLECT_LTO_WRAPPER=/root/.espressif/tools/xtensa-esp-elf/esp-15.2.0_20251204/xtensa-esp-elf/bin/../libexec/gcc/xtensa-esp-elf/15.2.0/lto-wrapper
Target: xtensa-esp-elf
Configured with: /builds/idf/crosstool-NG/.build/xtensa-esp-elf/src/gcc/configure --build=x86_64-build_pc-linux-gnu --host=x86_64-build_pc-linux-gnu --target=xtensa-esp-elf --prefix=/builds/idf/crosstool-NG/builds/xtensa-esp-elf --exec_prefix=/builds/idf/crosstool-NG/builds/xtensa-esp-elf --with-local-prefix=/builds/idf/crosstool-NG/builds/xtensa-esp-elf/xtensa-esp-elf --with-sysroot=/builds/idf/crosstool-NG/builds/xtensa-esp-elf/xtensa-esp-elf --with-native-system-header-dir=/include --with-headers=/builds/idf/crosstool-NG/builds/xtensa-esp-elf/xtensa-esp-elf/include --with-newlib --enable-threads=no --disable-shared --with-pkgversion='crosstool-NG esp-15.2.0_20251204' --disable-__cxa_atexit --enable-cxx-flags='-ffunction-sections -fdata-sections' --disable-libgomp --disable-libmudflap --disable-libmpx --disable-libssp --disable-libquadmath --disable-libquadmath-support --disable-libstdcxx-verbose --with-gmp=/builds/idf/crosstool-NG/.build/xtensa-esp-elf/buildtools --with-mpfr=/builds/idf/crosstool-NG/.build/xtensa-esp-elf/buildtools --with-mpc=/builds/idf/crosstool-NG/.build/xtensa-esp-elf/buildtools --with-isl=/builds/idf/crosstool-NG/.build/xtensa-esp-elf/buildtools --enable-lto --enable-target-optspace --without-long-double-128 --enable-plugin --disable-nls --enable-multiarch --enable-languages=c,c++ --disable-libstdcxx-verbose --enable-threads=posix --enable-libstdcxx-time=yes --disable-win32-utf8-manifest
Thread model: posix
Supported LTO compression algorithms: zlib zstd
gcc version 15.2.0 (crosstool-NG esp-15.2.0_20251204) 
COMPILER_PATH=/root/.espressif/tools/xtensa-esp-elf/esp-15.2.0_20251204/xtensa-esp-elf/bin/../libexec/gcc/xtensa-esp-elf/15.2.0/:/root/.espressif/tools/xtensa-esp-elf/esp-15.2.0_20251204/xtensa-esp-elf/bin/../libexec/gcc/:/root/.espressif/tools/xtensa-esp-elf/esp-15.2.0_20251204/xtensa-esp-elf/bin/../lib/gcc/xtensa-esp-elf/15.2.0/../../../../xtensa-esp-elf/bin/
LIBRARY_PATH=/root/.espressif/tools/xtensa-esp-elf/esp-15.2.0_20251204/xtensa-esp-elf/bin/../lib/gcc/xtensa-esp-elf/15.2.0/esp32/:/root/.espressif/tools/xtensa-esp-elf/esp-15.2.0_20251204/xtensa-esp-elf/bin/../lib/gcc/xtensa-esp-elf/15.2.0/../../../../xtensa-esp-elf/lib/esp32/:/root/.espressif/tools/xtensa-esp-elf/esp-15.2.0_20251204/xtensa-esp-elf/bin/../xtensa-esp-elf/lib/esp32/:/root/.espressif/tools/xtensa-esp-elf/esp-15.2.0_20251204/xtensa-esp-elf/bin/../lib/gcc/xtensa-esp-elf/15.2.0/:/root/.espressif/tools/xtensa-esp-elf/esp-15.2.0_20251204/xtensa-esp-elf/bin/../lib/gcc/:/root/.espressif/tools/xtensa-esp-elf/esp-15.2.0_20251204/xtensa-esp-elf/bin/../lib/gcc/xtensa-esp-elf/15.2.0/../../../../xtensa-esp-elf/lib/:/root/.espressif/tools/xtensa-esp-elf/esp-15.2.0_20251204/xtensa-esp-elf/bin/../xtensa-esp-elf/lib/:/root/.espressif/tools/xtensa-esp-elf/esp-15.2.0_20251204/xtensa-esp-elf/bin/../xtensa-esp-elf/usr/lib/
COLLECT_GCC_OPTIONS='-mdynconfig=xtensa_esp32.so' '-v' '-o' 'cmTC_8d8d4' '-dumpdir' 'cmTC_8d8d4.'
 /root/.espressif/tools/xtensa-esp-elf/esp-15.2.0_20251204/xtensa-esp-elf/bin/../libexec/gcc/xtensa-esp-elf/15.2.0/collect2 -plugin /root/.espressif/tools/xtensa-esp-elf/esp-15.2.0_20251204/xtensa-esp-elf/bin/../libexec/gcc/xtensa-esp-elf/15.2.0/liblto_plugin.so -plugin-opt=/root/.espressif/tools/xtensa-esp-elf/esp-15.2.0_20251204/xtensa-esp-elf/bin/../libexec/gcc/xtensa-esp-elf/15.2.0/lto-wrapper -plugin-opt=-fresolution=/tmp/ccQE9bpl.res -plugin-opt=-pass-through=-lgcc -plugin-opt=-pass-through=-lc -plugin-opt=-pass-through=-lnosys -plugin-opt=-pass-through=-lc -plugin-opt=-pass-through=-lgcc --sysroot=/root/.espressif/tools/xtensa-esp-elf/esp-15.2.0_20251204/xtensa-esp-elf/bin/../xtensa-esp-elf --dynconfig=xtensa_esp32.so -o cmTC_8d8d4 /root/.espressif/tools/xtensa-esp-elf/esp-15.2.0_20251204/xtensa-esp-elf/bin/../lib/gcc/xtensa-esp-elf/15.2.0/../../../../xtensa-esp-elf/lib/esp32/crt0.o /root/.espressif/tools/xtensa-esp-elf/esp-15.2.0_20251204/xtensa-esp-elf/bin/../lib/gcc/xtensa-esp-elf/15.2.0/esp32/crti.o /root/.espressif/tools/xtensa-esp-elf/esp-15.2.0_20251204/xtensa-esp-elf/bin/../lib/gcc/xtensa-esp-elf/15.2.0/esp32/crtbegin.o -L/root/.espressif/tools/xtensa-esp-elf/esp-15.2.0_20251204/xtensa-esp-elf/bin/../lib/gcc/xtensa-esp-elf/15.2.0/esp32 -L/root/.espressif/tools/xtensa-esp-elf/esp-15.2.0_20251204/xtensa-esp-elf/bin/../lib/gcc/xtensa-esp-elf/15.2.0/../../../../xtensa-esp-elf/lib/esp32 -L/root/.espressif/tools/xtensa-esp-elf/esp-15.2.0_20251204/xtensa-esp-elf/bin/../xtensa-esp-elf/lib/esp32 -L/root/.espressif/tools/xtensa-esp-elf/esp-15.2.0_20251204/xtensa-esp-elf/bin/../lib/gcc/xtensa-esp-elf/15.2.0 -L/root/.espressif/tools/xtensa-esp-elf/esp-15.2.0_20251204/xtensa-esp-elf/bin/../lib/gcc -L/root/.espressif/tools/xtensa-esp-elf/esp-15.2.0_20251204/xtensa-esp-elf/bin/../lib/gcc/xtensa-esp-elf/15.2.0/../../../../xtensa-esp-elf/lib -L/root/.espressif/tools/xtensa-esp-elf/esp-15.2.0_20251204/xtensa-esp-elf/bin/../xtensa-esp-elf/lib -L/root/.espressif/tools/xtensa-esp-elf/esp-15.2.0_20251204/xtensa-esp-elf/bin/../xtensa-esp-elf/usr/lib @/tmp/ccdxUfcz -lgcc -lc -lnosys -lc -lgcc /root/.espressif/tools/xtensa-esp-elf/esp-15.2.0_20251204/xtensa-esp-elf/bin/../lib/gcc/xtensa-esp-elf/15.2.0/esp32/crtend.o /root/.espressif/tools/xtensa-esp-elf/esp-15.2.0_20251204/xtensa-esp-elf/bin/../lib/gcc/xtensa-esp-elf/15.2.0/esp32/crtn.o
COLLECT_GCC_OPTIONS='-mdynconfig=xtensa_esp32.so' '-v' '-o' 'cmTC_8d8d4' '-dumpdir' 'cmTC_8d8d4.'
gmake[4]: Leaving directory '/home/olwhistle/dockerNow/esp32/programs/ovs/build/bootloader/CMakeFiles/CMakeTmp'
gmake[3]: Leaving directory '/home/olwhistle/dockerNow/esp32/programs/ovs/build/bootloader/CMakeFiles/CMakeTmp'



Parsed CXX implicit include dir info from above output: rv=done
  found start of include info
  found start of implicit include info
    add: [/root/.espressif/tools/xtensa-esp-elf/esp-15.2.0_20251204/xtensa-esp-elf/bin/../lib/gcc/xtensa-esp-elf/15.2.0/../../../../xtensa-esp-elf/include/c++/15.2.0]
    add: [/root/.espressif/tools/xtensa-esp-elf/esp-15.2.0_20251204/xtensa-esp-elf/bin/../lib/gcc/xtensa-esp-elf/15.2.0/../../../../xtensa-esp-elf/include/c++/15.2.0/xtensa-esp-elf/esp32]
    add: [/root/.espressif/tools/xtensa-esp-elf/esp-15.2.0_20251204/xtensa-esp-elf/bin/../lib/gcc/xtensa-esp-elf/15.2.0/../../../../xtensa-esp-elf/include/c++/15.2.0/backward]
    add: [/root/.espressif/tools/xtensa-esp-elf/esp-15.2.0_20251204/xtensa-esp-elf/bin/../lib/gcc/xtensa-esp-elf/15.2.0/include]
    add: [/root/.espressif/tools/xtensa-esp-elf/esp-15.2.0_20251204/xtensa-esp-elf/bin/../lib/gcc/xtensa-esp-elf/15.2.0/include-fixed]
    add: [/root/.espressif/tools/xtensa-esp-elf/esp-15.2.0_20251204/xtensa-esp-elf/bin/../lib/gcc/xtensa-esp-elf/15.2.0/../../../../xtensa-esp-elf/include]
  end of search list found
  collapse include dir [/root/.espressif/tools/xtensa-esp-elf/esp-15.2.0_20251204/xtensa-esp-elf/bin/../lib/gcc/xtensa-esp-elf/15.2.0/../../../../xtensa-esp-elf/include/c++/15.2.0] ==> [/root/.espressif/tools/xtensa-esp-elf/esp-15.2.0_20251204/xtensa-esp-elf/xtensa-esp-elf/include/c++/15.2.0]
  collapse include dir [/root/.espressif/tools/xtensa-esp-elf/esp-15.2.0_20251204/xtensa-esp-elf/bin/../lib/gcc/xtensa-esp-elf/15.2.0/../../../../xtensa-esp-elf/include/c++/15.2.0/xtensa-esp-elf/esp32] ==> [/root/.espressif/tools/xtensa-esp-elf/esp-15.2.0_20251204/xtensa-esp-elf/xtensa-esp-elf/include/c++/15.2.0/xtensa-esp-elf/esp32]
  collapse include dir [/root/.espressif/tools/xtensa-esp-elf/esp-15.2.0_20251204/xtensa-esp-elf/bin/../lib/gcc/xtensa-esp-elf/15.2.0/../../../../xtensa-esp-elf/include/c++/15.2.0/backward] ==> [/root/.espressif/tools/xtensa-esp-elf/esp-15.2.0_20251204/xtensa-esp-elf/xtensa-esp-elf/include/c++/15.2.0/backward]
  collapse include dir [/root/.espressif/tools/xtensa-esp-elf/esp-15.2.0_20251204/xtensa-esp-elf/bin/../lib/gcc/xtensa-esp-elf/15.2.0/include] ==> [/root/.espressif/tools/xtensa-esp-elf/esp-15.2.0_20251204/xtensa-esp-elf/lib/gcc/xtensa-esp-elf/15.2.0/include]
  collapse include dir [/root/.espressif/tools/xtensa-esp-elf/esp-15.2.0_20251204/xtensa-esp-elf/bin/../lib/gcc/xtensa-esp-elf/15.2.0/include-fixed] ==> [/root/.espressif/tools/xtensa-esp-elf/esp-15.2.0_20251204/xtensa-esp-elf/lib/gcc/xtensa-esp-elf/15.2.0/include-fixed]
  collapse include dir [/root/.espressif/tools/xtensa-esp-elf/esp-15.2.0_20251204/xtensa-esp-elf/bin/../lib/gcc/xtensa-esp-elf/15.2.0/../../../../xtensa-esp-elf/include] ==> [/root/.espressif/tools/xtensa-esp-elf/esp-15.2.0_20251204/xtensa-esp-elf/xtensa-esp-elf/include]
  implicit include dirs: [/root/.espressif/tools/xtensa-esp-elf/esp-15.2.0_20251204/xtensa-esp-elf/xtensa-esp-elf/include/c++/15.2.0;/root/.espressif/tools/xtensa-esp-elf/esp-15.2.0_20251204/xtensa-esp-elf/xtensa-esp-elf/include/c++/15.2.0/xtensa-esp-elf/esp32;/root/.espressif/tools/xtensa-esp-elf/esp-15.2.0_20251204/xtensa-esp-elf/xtensa-esp-elf/include/c++/15.2.0/backward;/root/.espressif/tools/xtensa-esp-elf/esp-15.2.0_20251204/xtensa-esp-elf/lib/gcc/xtensa-esp-elf/15.2.0/include;/root/.espressif/tools/xtensa-esp-elf/esp-15.2.0_20251204/xtensa-esp-elf/lib/gcc/xtensa-esp-elf/15.2.0/include-fixed;/root/.espressif/tools/xtensa-esp-elf/esp-15.2.0_20251204/xtensa-esp-elf/xtensa-esp-elf/include]


Parsed CXX implicit link information from above output:
  link line regex: [^( *|.*[/\])(xtensa-esp32-elf-ld|CMAKE_LINK_STARTFILE-NOTFOUND|([^/\]+-)?ld|collect2)[^/\]*( |$)]
  ignore line: [Change Dir: /home/olwhistle/dockerNow/esp32/programs/ovs/build/bootloader/CMakeFiles/CMakeTmp]
  ignore line: []
  ignore line: [Run Build Command(s):/usr/bin/gmake -f Makefile cmTC_8d8d4/fast && gmake[3]: Entering directory '/home/olwhistle/dockerNow/esp32/programs/ovs/build/bootloader/CMakeFiles/CMakeTmp']
  ignore line: [/usr/bin/gmake  -f CMakeFiles/cmTC_8d8d4.dir/build.make CMakeFiles/cmTC_8d8d4.dir/build]
  ignore line: [gmake[4]: Entering directory '/home/olwhistle/dockerNow/esp32/programs/ovs/build/bootloader/CMakeFiles/CMakeTmp']
  ignore line: [Building CXX object CMakeFiles/cmTC_8d8d4.dir/CMakeCXXCompilerABI.cpp.obj]
  ignore line: [/root/.espressif/tools/xtensa-esp-elf/esp-15.2.0_20251204/xtensa-esp-elf/bin/xtensa-esp32-elf-g++   @"/home/olwhistle/dockerNow/esp32/programs/ovs/build/bootloader/toolchain/cxxflags"    -v -o CMakeFiles/cmTC_8d8d4.dir/CMakeCXXCompilerABI.cpp.obj -c /usr/share/cmake-3.22/Modules/CMakeCXXCompilerABI.cpp]
  ignore line: [Using built-in specs.]
  ignore line: [COLLECT_GCC=/root/.espressif/tools/xtensa-esp-elf/esp-15.2.0_20251204/xtensa-esp-elf/bin/xtensa-esp-elf-g++]
  ignore line: [Target: xtensa-esp-elf]
  ignore line: [Configured with: /builds/idf/crosstool-NG/.build/xtensa-esp-elf/src/gcc/configure --build=x86_64-build_pc-linux-gnu --host=x86_64-build_pc-linux-gnu --target=xtensa-esp-elf --prefix=/builds/idf/crosstool-NG/builds/xtensa-esp-elf --exec_prefix=/builds/idf/crosstool-NG/builds/xtensa-esp-elf --with-local-prefix=/builds/idf/crosstool-NG/builds/xtensa-esp-elf/xtensa-esp-elf --with-sysroot=/builds/idf/crosstool-NG/builds/xtensa-esp-elf/xtensa-esp-elf --with-native-system-header-dir=/include --with-headers=/builds/idf/crosstool-NG/builds/xtensa-esp-elf/xtensa-esp-elf/include --with-newlib --enable-threads=no --disable-shared --with-pkgversion='crosstool-NG esp-15.2.0_20251204' --disable-__cxa_atexit --enable-cxx-flags='-ffunction-sections -fdata-sections' --disable-libgomp --disable-libmudflap --disable-libmpx --disable-libssp --disable-libquadmath --disable-libquadmath-support --disable-libstdcxx-verbose --with-gmp=/builds/idf/crosstool-NG/.build/xtensa-esp-elf/buildtools --with-mpfr=/builds/idf/crosstool-NG/.build/xtensa-esp-elf/buildtools --with-mpc=/builds/idf/crosstool-NG/.build/xtensa-esp-elf/buildtools --with-isl=/builds/idf/crosstool-NG/.build/xtensa-esp-elf/buildtools --enable-lto --enable-target-optspace --without-long-double-128 --enable-plugin --disable-nls --enable-multiarch --enable-languages=c c++ --disable-libstdcxx-verbose --enable-threads=posix --enable-libstdcxx-time=yes --disable-win32-utf8-manifest]
  ignore line: [Thread model: posix]
  ignore line: [Supported LTO compression algorithms: zlib zstd]
  ignore line: [gcc version 15.2.0 (crosstool-NG esp-15.2.0_20251204) ]
  ignore line: [COLLECT_GCC_OPTIONS='-mdynconfig=xtensa_esp32.so' '-v' '-o' 'CMakeFiles/cmTC_8d8d4.dir/CMakeCXXCompilerABI.cpp.obj' '-c' '-dumpdir' 'CMakeFiles/cmTC_8d8d4.dir/']
  ignore line: [ /root/.espressif/tools/xtensa-esp-elf/esp-15.2.0_20251204/xtensa-esp-elf/bin/../libexec/gcc/xtensa-esp-elf/15.2.0/cc1plus -quiet -v -imultilib esp32 -iprefix /root/.espressif/tools/xtensa-esp-elf/esp-15.2.0_20251204/xtensa-esp-elf/bin/../lib/gcc/xtensa-esp-elf/15.2.0/ -isysroot /root/.espressif/tools/xtensa-esp-elf/esp-15.2.0_20251204/xtensa-esp-elf/bin/../xtensa-esp-elf /usr/share/cmake-3.22/Modules/CMakeCXXCompilerABI.cpp -quiet -dumpdir CMakeFiles/cmTC_8d8d4.dir/ -dumpbase CMakeCXXCompilerABI.cpp.cpp -dumpbase-ext .cpp -mdynconfig=xtensa_esp32.so -version -o /tmp/ccfrN5Qj.s]
  ignore line: [GNU C++17 (crosstool-NG esp-15.2.0_20251204) version 15.2.0 (xtensa-esp-elf)]
  ignore line: [	compiled by GNU C version 6.3.0  GMP version 6.3.0  MPFR version 4.2.1  MPC version 1.3.1  isl version isl-0.26-GMP]
  ignore line: []
  ignore line: [GGC heuristics: --param ggc-min-expand=100 --param ggc-min-heapsize=131072]
  ignore line: [ignoring duplicate directory "/root/.espressif/tools/xtensa-esp-elf/esp-15.2.0_20251204/xtensa-esp-elf/bin/../lib/gcc/../../lib/gcc/xtensa-esp-elf/15.2.0/../../../../xtensa-esp-elf/include/c++/15.2.0"]
  ignore line: [ignoring duplicate directory "/root/.espressif/tools/xtensa-esp-elf/esp-15.2.0_20251204/xtensa-esp-elf/bin/../lib/gcc/../../lib/gcc/xtensa-esp-elf/15.2.0/../../../../xtensa-esp-elf/include/c++/15.2.0/xtensa-esp-elf/esp32"]
  ignore line: [ignoring duplicate directory "/root/.espressif/tools/xtensa-esp-elf/esp-15.2.0_20251204/xtensa-esp-elf/bin/../lib/gcc/../../lib/gcc/xtensa-esp-elf/15.2.0/../../../../xtensa-esp-elf/include/c++/15.2.0/backward"]
  ignore line: [ignoring duplicate directory "/root/.espressif/tools/xtensa-esp-elf/esp-15.2.0_20251204/xtensa-esp-elf/bin/../lib/gcc/../../lib/gcc/xtensa-esp-elf/15.2.0/include"]
  ignore line: [ignoring nonexistent directory "/root/.espressif/tools/xtensa-esp-elf/esp-15.2.0_20251204/xtensa-esp-elf/bin/../xtensa-esp-elf/builds/idf/crosstool-NG/builds/xtensa-esp-elf/xtensa-esp-elf/include"]
  ignore line: [ignoring duplicate directory "/root/.espressif/tools/xtensa-esp-elf/esp-15.2.0_20251204/xtensa-esp-elf/bin/../lib/gcc/../../lib/gcc/xtensa-esp-elf/15.2.0/include-fixed"]
  ignore line: [ignoring duplicate directory "/root/.espressif/tools/xtensa-esp-elf/esp-15.2.0_20251204/xtensa-esp-elf/bin/../lib/gcc/../../lib/gcc/xtensa-esp-elf/15.2.0/../../../../xtensa-esp-elf/include"]
  ignore line: [ignoring duplicate directory "/root/.espressif/tools/xtensa-esp-elf/esp-15.2.0_20251204/xtensa-esp-elf/bin/../xtensa-esp-elf/include"]
  ignore line: [#include "..." search starts here:]
  ignore line: [#include <...> search starts here:]
  ignore line: [ /root/.espressif/tools/xtensa-esp-elf/esp-15.2.0_20251204/xtensa-esp-elf/bin/../lib/gcc/xtensa-esp-elf/15.2.0/../../../../xtensa-esp-elf/include/c++/15.2.0]
  ignore line: [ /root/.espressif/tools/xtensa-esp-elf/esp-15.2.0_20251204/xtensa-esp-elf/bin/../lib/gcc/xtensa-esp-elf/15.2.0/../../../../xtensa-esp-elf/include/c++/15.2.0/xtensa-esp-elf/esp32]
  ignore line: [ /root/.espressif/tools/xtensa-esp-elf/esp-15.2.0_20251204/xtensa-esp-elf/bin/../lib/gcc/xtensa-esp-elf/15.2.0/../../../../xtensa-esp-elf/include/c++/15.2.0/backward]
  ignore line: [ /root/.espressif/tools/xtensa-esp-elf/esp-15.2.0_20251204/xtensa-esp-elf/bin/../lib/gcc/xtensa-esp-elf/15.2.0/include]
  ignore line: [ /root/.espressif/tools/xtensa-esp-elf/esp-15.2.0_20251204/xtensa-esp-elf/bin/../lib/gcc/xtensa-esp-elf/15.2.0/include-fixed]
  ignore line: [ /root/.espressif/tools/xtensa-esp-elf/esp-15.2.0_20251204/xtensa-esp-elf/bin/../lib/gcc/xtensa-esp-elf/15.2.0/../../../../xtensa-esp-elf/include]
  ignore line: [End of search list.]
  ignore line: [Compiler executable checksum: ddaf5163ec1d262ade9e7a5c85eeee1b]
  ignore line: [COLLECT_GCC_OPTIONS='-mdynconfig=xtensa_esp32.so' '-v' '-o' 'CMakeFiles/cmTC_8d8d4.dir/CMakeCXXCompilerABI.cpp.obj' '-c' '-dumpdir' 'CMakeFiles/cmTC_8d8d4.dir/']
  ignore line: [ /root/.espressif/tools/xtensa-esp-elf/esp-15.2.0_20251204/xtensa-esp-elf/bin/../lib/gcc/xtensa-esp-elf/15.2.0/../../../../xtensa-esp-elf/bin/as --traditional-format --dynconfig=xtensa_esp32.so -o CMakeFiles/cmTC_8d8d4.dir/CMakeCXXCompilerABI.cpp.obj /tmp/ccfrN5Qj.s]
  ignore line: [COMPILER_PATH=/root/.espressif/tools/xtensa-esp-elf/esp-15.2.0_20251204/xtensa-esp-elf/bin/../libexec/gcc/xtensa-esp-elf/15.2.0/:/root/.espressif/tools/xtensa-esp-elf/esp-15.2.0_20251204/xtensa-esp-elf/bin/../libexec/gcc/:/root/.espressif/tools/xtensa-esp-elf/esp-15.2.0_20251204/xtensa-esp-elf/bin/../lib/gcc/xtensa-esp-elf/15.2.0/../../../../xtensa-esp-elf/bin/]
  ignore line: [LIBRARY_PATH=/root/.espressif/tools/xtensa-esp-elf/esp-15.2.0_20251204/xtensa-esp-elf/bin/../lib/gcc/xtensa-esp-elf/15.2.0/esp32/:/root/.espressif/tools/xtensa-esp-elf/esp-15.2.0_20251204/xtensa-esp-elf/bin/../lib/gcc/xtensa-esp-elf/15.2.0/../../../../xtensa-esp-elf/lib/esp32/:/root/.espressif/tools/xtensa-esp-elf/esp-15.2.0_20251204/xtensa-esp-elf/bin/../xtensa-esp-elf/lib/esp32/:/root/.espressif/tools/xtensa-esp-elf/esp-15.2.0_20251204/xtensa-esp-elf/bin/../lib/gcc/xtensa-esp-elf/15.2.0/:/root/.espressif/tools/xtensa-esp-elf/esp-15.2.0_20251204/xtensa-esp-elf/bin/../lib/gcc/:/root/.espressif/tools/xtensa-esp-elf/esp-15.2.0_20251204/xtensa-esp-elf/bin/../lib/gcc/xtensa-esp-elf/15.2.0/../../../../xtensa-esp-elf/lib/:/root/.espressif/tools/xtensa-esp-elf/esp-15.2.0_20251204/xtensa-esp-elf/bin/../xtensa-esp-elf/lib/:/root/.espressif/tools/xtensa-esp-elf/esp-15.2.0_20251204/xtensa-esp-elf/bin/../xtensa-esp-elf/usr/lib/]
  ignore line: [COLLECT_GCC_OPTIONS='-mdynconfig=xtensa_esp32.so' '-v' '-o' 'CMakeFiles/cmTC_8d8d4.dir/CMakeCXXCompilerABI.cpp.obj' '-c' '-dumpdir' 'CMakeFiles/cmTC_8d8d4.dir/CMakeCXXCompilerABI.cpp.']
  ignore line: [Linking CXX executable cmTC_8d8d4]
  ignore line: [/usr/bin/cmake -E cmake_link_script CMakeFiles/cmTC_8d8d4.dir/link.txt --verbose=1]
  ignore line: [/root/.espressif/tools/xtensa-esp-elf/esp-15.2.0_20251204/xtensa-esp-elf/bin/xtensa-esp32-elf-g++ @"/home/olwhistle/dockerNow/esp32/programs/ovs/build/bootloader/toolchain/cxxflags"  @"/home/olwhistle/dockerNow/esp32/programs/ovs/build/bootloader/toolchain/ldflags" -v CMakeFiles/cmTC_8d8d4.dir/CMakeCXXCompilerABI.cpp.obj -o cmTC_8d8d4 ]
  ignore line: [Using built-in specs.]
  ignore line: [COLLECT_GCC=/root/.espressif/tools/xtensa-esp-elf/esp-15.2.0_20251204/xtensa-esp-elf/bin/xtensa-esp-elf-g++]
  ignore line: [COLLECT_LTO_WRAPPER=/root/.espressif/tools/xtensa-esp-elf/esp-15.2.0_20251204/xtensa-esp-elf/bin/../libexec/gcc/xtensa-esp-elf/15.2.0/lto-wrapper]
  ignore line: [Target: xtensa-esp-elf]
  ignore line: [Configured with: /builds/idf/crosstool-NG/.build/xtensa-esp-elf/src/gcc/configure --build=x86_64-build_pc-linux-gnu --host=x86_64-build_pc-linux-gnu --target=xtensa-esp-elf --prefix=/builds/idf/crosstool-NG/builds/xtensa-esp-elf --exec_prefix=/builds/idf/crosstool-NG/builds/xtensa-esp-elf --with-local-prefix=/builds/idf/crosstool-NG/builds/xtensa-esp-elf/xtensa-esp-elf --with-sysroot=/builds/idf/crosstool-NG/builds/xtensa-esp-elf/xtensa-esp-elf --with-native-system-header-dir=/include --with-headers=/builds/idf/crosstool-NG/builds/xtensa-esp-elf/xtensa-esp-elf/include --with-newlib --enable-threads=no --disable-shared --with-pkgversion='crosstool-NG esp-15.2.0_20251204' --disable-__cxa_atexit --enable-cxx-flags='-ffunction-sections -fdata-sections' --disable-libgomp --disable-libmudflap --disable-libmpx --disable-libssp --disable-libquadmath --disable-libquadmath-support --disable-libstdcxx-verbose --with-gmp=/builds/idf/crosstool-NG/.build/xtensa-esp-elf/buildtools --with-mpfr=/builds/idf/crosstool-NG/.build/xtensa-esp-elf/buildtools --with-mpc=/builds/idf/crosstool-NG/.build/xtensa-esp-elf/buildtools --with-isl=/builds/idf/crosstool-NG/.build/xtensa-esp-elf/buildtools --enable-lto --enable-target-optspace --without-long-double-128 --enable-plugin --disable-nls --enable-multiarch --enable-languages=c c++ --disable-libstdcxx-verbose --enable-threads=posix --enable-libstdcxx-time=yes --disable-win32-utf8-manifest]
  ignore line: [Thread model: posix]
  ignore line: [Supported LTO compression algorithms: zlib zstd]
  ignore line: [gcc version 15.2.0 (crosstool-NG esp-15.2.0_20251204) ]
  ignore line: [COMPILER_PATH=/root/.espressif/tools/xtensa-esp-elf/esp-15.2.0_20251204/xtensa-esp-elf/bin/../libexec/gcc/xtensa-esp-elf/15.2.0/:/root/.espressif/tools/xtensa-esp-elf/esp-15.2.0_20251204/xtensa-esp-elf/bin/../libexec/gcc/:/root/.espressif/tools/xtensa-esp-elf/esp-15.2.0_20251204/xtensa-esp-elf/bin/../lib/gcc/xtensa-esp-elf/15.2.0/../../../../xtensa-esp-elf/bin/]
  ignore line: [LIBRARY_PATH=/root/.espressif/tools/xtensa-esp-elf/esp-15.2.0_20251204/xtensa-esp-elf/bin/../lib/gcc/xtensa-esp-elf/15.2.0/esp32/:/root/.espressif/tools/xtensa-esp-elf/esp-15.2.0_20251204/xtensa-esp-elf/bin/../lib/gcc/xtensa-esp-elf/15.2.0/../../../../xtensa-esp-elf/lib/esp32/:/root/.espressif/tools/xtensa-esp-elf/esp-15.2.0_20251204/xtensa-esp-elf/bin/../xtensa-esp-elf/lib/esp32/:/root/.espressif/tools/xtensa-esp-elf/esp-15.2.0_20251204/xtensa-esp-elf/bin/../lib/gcc/xtensa-esp-elf/15.2.0/:/root/.espressif/tools/xtensa-esp-elf/esp-15.2.0_20251204/xtensa-esp-elf/bin/../lib/gcc/:/root/.espressif/tools/xtensa-esp-elf/esp-15.2.0_20251204/xtensa-esp-elf/bin/../lib/gcc/xtensa-esp-elf/15.2.0/../../../../xtensa-esp-elf/lib/:/root/.espressif/tools/xtensa-esp-elf/esp-15.2.0_20251204/xtensa-esp-elf/bin/../xtensa-esp-elf/lib/:/root/.espressif/tools/xtensa-esp-elf/esp-15.2.0_20251204/xtensa-esp-elf/bin/../xtensa-esp-elf/usr/lib/]
  ignore line: [COLLECT_GCC_OPTIONS='-mdynconfig=xtensa_esp32.so' '-v' '-o' 'cmTC_8d8d4' '-dumpdir' 'cmTC_8d8d4.']
  link line: [ /root/.espressif/tools/xtensa-esp-elf/esp-15.2.0_20251204/xtensa-esp-elf/bin/../libexec/gcc/xtensa-esp-elf/15.2.0/collect2 -plugin /root/.espressif/tools/xtensa-esp-elf/esp-15.2.0_20251204/xtensa-esp-elf/bin/../libexec/gcc/xtensa-esp-elf/15.2.0/liblto_plugin.so -plugin-opt=/root/.espressif/tools/xtensa-esp-elf/esp-15.2.0_20251204/xtensa-esp-elf/bin/../libexec/gcc/xtensa-esp-elf/15.2.0/lto-wrapper -plugin-opt=-fresolution=/tmp/ccQE9bpl.res -plugin-opt=-pass-through=-lgcc -plugin-opt=-pass-through=-lc -plugin-opt=-pass-through=-lnosys -plugin-opt=-pass-through=-lc -plugin-opt=-pass-through=-lgcc --sysroot=/root/.espressif/tools/xtensa-esp-elf/esp-15.2.0_20251204/xtensa-esp-elf/bin/../xtensa-esp-elf --dynconfig=xtensa_esp32.so -o cmTC_8d8d4 /root/.espressif/tools/xtensa-esp-elf/esp-15.2.0_20251204/xtensa-esp-elf/bin/../lib/gcc/xtensa-esp-elf/15.2.0/../../../../xtensa-esp-elf/lib/esp32/crt0.o /root/.espressif/tools/xtensa-esp-elf/esp-15.2.0_20251204/xtensa-esp-elf/bin/../lib/gcc/xtensa-esp-elf/15.2.0/esp32/crti.o /root/.espressif/tools/xtensa-esp-elf/esp-15.2.0_20251204/xtensa-esp-elf/bin/../lib/gcc/xtensa-esp-elf/15.2.0/esp32/crtbegin.o -L/root/.espressif/tools/xtensa-esp-elf/esp-15.2.0_20251204/xtensa-esp-elf/bin/../lib/gcc/xtensa-esp-elf/15.2.0/esp32 -L/root/.espressif/tools/xtensa-esp-elf/esp-15.2.0_20251204/xtensa-esp-elf/bin/../lib/gcc/xtensa-esp-elf/15.2.0/../../../../xtensa-esp-elf/lib/esp32 -L/root/.espressif/tools/xtensa-esp-elf/esp-15.2.0_20251204/xtensa-esp-elf/bin/../xtensa-esp-elf/lib/esp32 -L/root/.espressif/tools/xtensa-esp-elf/esp-15.2.0_20251204/xtensa-esp-elf/bin/../lib/gcc/xtensa-esp-elf/15.2.0 -L/root/.espressif/tools/xtensa-esp-elf/esp-15.2.0_20251204/xtensa-esp-elf/bin/../lib/gcc -L/root/.espressif/tools/xtensa-esp-elf/esp-15.2.0_20251204/xtensa-esp-elf/bin/../lib/gcc/xtensa-esp-elf/15.2.0/../../../../xtensa-esp-elf/lib -L/root/.espressif/tools/xtensa-esp-elf/esp-15.2.0_20251204/xtensa-esp-elf/bin/../xtensa-esp-elf/lib -L/root/.espressif/tools/xtensa-esp-elf/esp-15.2.0_20251204/xtensa-esp-elf/bin/../xtensa-esp-elf/usr/lib @/tmp/ccdxUfcz -lgcc -lc -lnosys -lc -lgcc /root/.espressif/tools/xtensa-esp-elf/esp-15.2.0_20251204/xtensa-esp-elf/bin/../lib/gcc/xtensa-esp-elf/15.2.0/esp32/crtend.o /root/.espressif/tools/xtensa-esp-elf/esp-15.2.0_20251204/xtensa-esp-elf/bin/../lib/gcc/xtensa-esp-elf/15.2.0/esp32/crtn.o]
    arg [/root/.espressif/tools/xtensa-esp-elf/esp-15.2.0_20251204/xtensa-esp-elf/bin/../libexec/gcc/xtensa-esp-elf/15.2.0/collect2] ==> ignore
    arg [-plugin] ==> ignore
    arg [/root/.espressif/tools/xtensa-esp-elf/esp-15.2.0_20251204/xtensa-esp-elf/bin/../libexec/gcc/xtensa-esp-elf/15.2.0/liblto_plugin.so] ==> ignore
    arg [-plugin-opt=/root/.espressif/tools/xtensa-esp-elf/esp-15.2.0_20251204/xtensa-esp-elf/bin/../libexec/gcc/xtensa-esp-elf/15.2.0/lto-wrapper] ==> ignore
    arg [-plugin-opt=-fresolution=/tmp/ccQE9bpl.res] ==> ignore
    arg [-plugin-opt=-pass-through=-lgcc] ==> ignore
    arg [-plugin-opt=-pass-through=-lc] ==> ignore
    arg [-plugin-opt=-pass-through=-lnosys] ==> ignore
    arg [-plugin-opt=-pass-through=-lc] ==> ignore
    arg [-plugin-opt=-pass-through=-lgcc] ==> ignore
    arg [--sysroot=/root/.espressif/tools/xtensa-esp-elf/esp-15.2.0_20251204/xtensa-esp-elf/bin/../xtensa-esp-elf] ==> ignore
    arg [--dynconfig=xtensa_esp32.so] ==> ignore
    arg [-o] ==> ignore
    arg [cmTC_8d8d4] ==> ignore
    arg [/root/.espressif/tools/xtensa-esp-elf/esp-15.2.0_20251204/xtensa-esp-elf/bin/../lib/gcc/xtensa-esp-elf/15.2.0/../../../../xtensa-esp-elf/lib/esp32/crt0.o] ==> obj [/root/.espressif/tools/xtensa-esp-elf/esp-15.2.0_20251204/xtensa-esp-elf/bin/../lib/gcc/xtensa-esp-elf/15.2.0/../../../../xtensa-esp-elf/lib/esp32/crt0.o]
    arg [/root/.espressif/tools/xtensa-esp-elf/esp-15.2.0_20251204/xtensa-esp-elf/bin/../lib/gcc/xtensa-esp-elf/15.2.0/esp32/crti.o] ==> obj [/root/.espressif/tools/xtensa-esp-elf/esp-15.2.0_20251204/xtensa-esp-elf/bin/../lib/gcc/xtensa-esp-elf/15.2.0/esp32/crti.o]
    arg [/root/.espressif/tools/xtensa-esp-elf/esp-15.2.0_20251204/xtensa-esp-elf/bin/../lib/gcc/xtensa-esp-elf/15.2.0/esp32/crtbegin.o] ==> obj [/root/.espressif/tools/xtensa-esp-elf/esp-15.2.0_20251204/xtensa-esp-elf/bin/../lib/gcc/xtensa-esp-elf/15.2.0/esp32/crtbegin.o]
    arg [-L/root/.espressif/tools/xtensa-esp-elf/esp-15.2.0_20251204/xtensa-esp-elf/bin/../lib/gcc/xtensa-esp-elf/15.2.0/esp32] ==> dir [/root/.espressif/tools/xtensa-esp-elf/esp-15.2.0_20251204/xtensa-esp-elf/bin/../lib/gcc/xtensa-esp-elf/15.2.0/esp32]
    arg [-L/root/.espressif/tools/xtensa-esp-elf/esp-15.2.0_20251204/xtensa-esp-elf/bin/../lib/gcc/xtensa-esp-elf/15.2.0/../../../../xtensa-esp-elf/lib/esp32] ==> dir [/root/.espressif/tools/xtensa-esp-elf/esp-15.2.0_20251204/xtensa-esp-elf/bin/../lib/gcc/xtensa-esp-elf/15.2.0/../../../../xtensa-esp-elf/lib/esp32]
    arg [-L/root/.espressif/tools/xtensa-esp-elf/esp-15.2.0_20251204/xtensa-esp-elf/bin/../xtensa-esp-elf/lib/esp32] ==> dir [/root/.espressif/tools/xtensa-esp-elf/esp-15.2.0_20251204/xtensa-esp-elf/bin/../xtensa-esp-elf/lib/esp32]
    arg [-L/root/.espressif/tools/xtensa-esp-elf/esp-15.2.0_20251204/xtensa-esp-elf/bin/../lib/gcc/xtensa-esp-elf/15.2.0] ==> dir [/root/.espressif/tools/xtensa-esp-elf/esp-15.2.0_20251204/xtensa-esp-elf/bin/../lib/gcc/xtensa-esp-elf/15.2.0]
    arg [-L/root/.espressif/tools/xtensa-esp-elf/esp-15.2.0_20251204/xtensa-esp-elf/bin/../lib/gcc] ==> dir [/root/.espressif/tools/xtensa-esp-elf/esp-15.2.0_20251204/xtensa-esp-elf/bin/../lib/gcc]
    arg [-L/root/.espressif/tools/xtensa-esp-elf/esp-15.2.0_20251204/xtensa-esp-elf/bin/../lib/gcc/xtensa-esp-elf/15.2.0/../../../../xtensa-esp-elf/lib] ==> dir [/root/.espressif/tools/xtensa-esp-elf/esp-15.2.0_20251204/xtensa-esp-elf/bin/../lib/gcc/xtensa-esp-elf/15.2.0/../../../../xtensa-esp-elf/lib]
    arg [-L/root/.espressif/tools/xtensa-esp-elf/esp-15.2.0_20251204/xtensa-esp-elf/bin/../xtensa-esp-elf/lib] ==> dir [/root/.espressif/tools/xtensa-esp-elf/esp-15.2.0_20251204/xtensa-esp-elf/bin/../xtensa-esp-elf/lib]
    arg [-L/root/.espressif/tools/xtensa-esp-elf/esp-15.2.0_20251204/xtensa-esp-elf/bin/../xtensa-esp-elf/usr/lib] ==> dir [/root/.espressif/tools/xtensa-esp-elf/esp-15.2.0_20251204/xtensa-esp-elf/bin/../xtensa-esp-elf/usr/lib]
    arg [@/tmp/ccdxUfcz] ==> ignore
    arg [-lgcc] ==> lib [gcc]
    arg [-lc] ==> lib [c]
    arg [-lnosys] ==> lib [nosys]
    arg [-lc] ==> lib [c]
    arg [-lgcc] ==> lib [gcc]
    arg [/root/.espressif/tools/xtensa-esp-elf/esp-15.2.0_20251204/xtensa-esp-elf/bin/../lib/gcc/xtensa-esp-elf/15.2.0/esp32/crtend.o] ==> obj [/root/.espressif/tools/xtensa-esp-elf/esp-15.2.0_20251204/xtensa-esp-elf/bin/../lib/gcc/xtensa-esp-elf/15.2.0/esp32/crtend.o]
    arg [/root/.espressif/tools/xtensa-esp-elf/esp-15.2.0_20251204/xtensa-esp-elf/bin/../lib/gcc/xtensa-esp-elf/15.2.0/esp32/crtn.o] ==> obj [/root/.espressif/tools/xtensa-esp-elf/esp-15.2.0_20251204/xtensa-esp-elf/bin/../lib/gcc/xtensa-esp-elf/15.2.0/esp32/crtn.o]
  collapse obj [/root/.espressif/tools/xtensa-esp-elf/esp-15.2.0_20251204/xtensa-esp-elf/bin/../lib/gcc/xtensa-esp-elf/15.2.0/../../../../xtensa-esp-elf/lib/esp32/crt0.o] ==> [/root/.espressif/tools/xtensa-esp-elf/esp-15.2.0_20251204/xtensa-esp-elf/xtensa-esp-elf/lib/esp32/crt0.o]
  collapse obj [/root/.espressif/tools/xtensa-esp-elf/esp-15.2.0_20251204/xtensa-esp-elf/bin/../lib/gcc/xtensa-esp-elf/15.2.0/esp32/crti.o] ==> [/root/.espressif/tools/xtensa-esp-elf/esp-15.2.0_20251204/xtensa-esp-elf/lib/gcc/xtensa-esp-elf/15.2.0/esp32/crti.o]
  collapse obj [/root/.espressif/tools/xtensa-esp-elf/esp-15.2.0_20251204/xtensa-esp-elf/bin/../lib/gcc/xtensa-esp-elf/15.2.0/esp32/crtbegin.o] ==> [/root/.espressif/tools/xtensa-esp-elf/esp-15.2.0_20251204/xtensa-esp-elf/lib/gcc/xtensa-esp-elf/15.2.0/esp32/crtbegin.o]
  collapse obj [/root/.espressif/tools/xtensa-esp-elf/esp-15.2.0_20251204/xtensa-esp-elf/bin/../lib/gcc/xtensa-esp-elf/15.2.0/esp32/crtend.o] ==> [/root/.espressif/tools/xtensa-esp-elf/esp-15.2.0_20251204/xtensa-esp-elf/lib/gcc/xtensa-esp-elf/15.2.0/esp32/crtend.o]
  collapse obj [/root/.espressif/tools/xtensa-esp-elf/esp-15.2.0_20251204/xtensa-esp-elf/bin/../lib/gcc/xtensa-esp-elf/15.2.0/esp32/crtn.o] ==> [/root/.espressif/tools/xtensa-esp-elf/esp-15.2.0_20251204/xtensa-esp-elf/lib/gcc/xtensa-esp-elf/15.2.0/esp32/crtn.o]
  collapse library dir [/root/.espressif/tools/xtensa-esp-elf/esp-15.2.0_20251204/xtensa-esp-elf/bin/../lib/gcc/xtensa-esp-elf/15.2.0/esp32] ==> [/root/.espressif/tools/xtensa-esp-elf/esp-15.2.0_20251204/xtensa-esp-elf/lib/gcc/xtensa-esp-elf/15.2.0/esp32]
  collapse library dir [/root/.espressif/tools/xtensa-esp-elf/esp-15.2.0_20251204/xtensa-esp-elf/bin/../lib/gcc/xtensa-esp-elf/15.2.0/../../../../xtensa-esp-elf/lib/esp32] ==> [/root/.espressif/tools/xtensa-esp-elf/esp-15.2.0_20251204/xtensa-esp-elf/xtensa-esp-elf/lib/esp32]
  collapse library dir [/root/.espressif/tools/xtensa-esp-elf/esp-15.2.0_20251204/xtensa-esp-elf/bin/../xtensa-esp-elf/lib/esp32] ==> [/root/.espressif/tools/xtensa-esp-elf/esp-15.2.0_20251204/xtensa-esp-elf/xtensa-esp-elf/lib/esp32]
  collapse library dir [/root/.espressif/tools/xtensa-esp-elf/esp-15.2.0_20251204/xtensa-esp-elf/bin/../lib/gcc/xtensa-esp-elf/15.2.0] ==> [/root/.espressif/tools/xtensa-esp-elf/esp-15.2.0_20251204/xtensa-esp-elf/lib/gcc/xtensa-esp-elf/15.2.0]
  collapse library dir [/root/.espressif/tools/xtensa-esp-elf/esp-15.2.0_20251204/xtensa-esp-elf/bin/../lib/gcc] ==> [/root/.espressif/tools/xtensa-esp-elf/esp-15.2.0_20251204/xtensa-esp-elf/lib/gcc]
  collapse library dir [/root/.espressif/tools/xtensa-esp-elf/esp-15.2.0_20251204/xtensa-esp-elf/bin/../lib/gcc/xtensa-esp-elf/15.2.0/../../../../xtensa-esp-elf/lib] ==> [/root/.espressif/tools/xtensa-esp-elf/esp-15.2.0_20251204/xtensa-esp-elf/xtensa-esp-elf/lib]
  collapse library dir [/root/.espressif/tools/xtensa-esp-elf/esp-15.2.0_20251204/xtensa-esp-elf/bin/../xtensa-esp-elf/lib] ==> [/root/.espressif/tools/xtensa-esp-elf/esp-15.2.0_20251204/xtensa-esp-elf/xtensa-esp-elf/lib]
  collapse library dir [/root/.espressif/tools/xtensa-esp-elf/esp-15.2.0_20251204/xtensa-esp-elf/bin/../xtensa-esp-elf/usr/lib] ==> [/root/.espressif/tools/xtensa-esp-elf/esp-15.2.0_20251204/xtensa-esp-elf/xtensa-esp-elf/usr/lib]
  implicit libs: [gcc;c;nosys;c;gcc]
  implicit objs: [/root/.espressif/tools/xtensa-esp-elf/esp-15.2.0_20251204/xtensa-esp-elf/xtensa-esp-elf/lib/esp32/crt0.o;/root/.espressif/tools/xtensa-esp-elf/esp-15.2.0_20251204/xtensa-esp-elf/lib/gcc/xtensa-esp-elf/15.2.0/esp32/crti.o;/root/.espressif/tools/xtensa-esp-elf/esp-15.2.0_20251204/xtensa-esp-elf/lib/gcc/xtensa-esp-elf/15.2.0/esp32/crtbegin.o;/root/.espressif/tools/xtensa-esp-elf/esp-15.2.0_20251204/xtensa-esp-elf/lib/gcc/xtensa-esp-elf/15.2.0/esp32/crtend.o;/root/.espressif/tools/xtensa-esp-elf/esp-15.2.0_20251204/xtensa-esp-elf/lib/gcc/xtensa-esp-elf/15.2.0/esp32/crtn.o]
  implicit dirs: [/root/.espressif/tools/xtensa-esp-elf/esp-15.2.0_20251204/xtensa-esp-elf/lib/gcc/xtensa-esp-elf/15.2.0/esp32;/root/.espressif/tools/xtensa-esp-elf/esp-15.2.0_20251204/xtensa-esp-elf/xtensa-esp-elf/lib/esp32;/root/.espressif/tools/xtensa-esp-elf/esp-15.2.0_20251204/xtensa-esp-elf/lib/gcc/xtensa-esp-elf/15.2.0;/root/.espressif/tools/xtensa-esp-elf/esp-15.2.0_20251204/xtensa-esp-elf/lib/gcc;/root/.espressif/tools/xtensa-esp-elf/esp-15.2.0_20251204/xtensa-esp-elf/xtensa-esp-elf/lib;/root/.espressif/tools/xtensa-esp-elf/esp-15.2.0_20251204/xtensa-esp-elf/xtensa-esp-elf/usr/lib]
  implicit fwks: []


Detecting C compiler ABI info compiled with the following output:
Change Dir: /home/olwhistle/dockerNow/esp32/programs/ovs/build/bootloader/CMakeFiles/CMakeTmp

Run Build Command(s):/usr/bin/gmake -f Makefile cmTC_9d9a9/fast && gmake[3]: Entering directory '/home/olwhistle/dockerNow/esp32/programs/ovs/build/bootloader/CMakeFiles/CMakeTmp'
/usr/bin/gmake  -f CMakeFiles/cmTC_9d9a9.dir/build.make CMakeFiles/cmTC_9d9a9.dir/build
gmake[4]: Entering directory '/home/olwhistle/dockerNow/esp32/programs/ovs/build/bootloader/CMakeFiles/CMakeTmp'
Building C object CMakeFiles/cmTC_9d9a9.dir/CMakeCCompilerABI.c.obj
/root/.espressif/tools/xtensa-esp-elf/esp-15.2.0_20251204/xtensa-esp-elf/bin/xtensa-esp32-elf-gcc   @"/home/olwhistle/dockerNow/esp32/programs/ovs/build/bootloader/toolchain/cflags"    -v -o CMakeFiles/cmTC_9d9a9.dir/CMakeCCompilerABI.c.obj -c /usr/share/cmake-3.22/Modules/CMakeCCompilerABI.c
Using built-in specs.
Reading specs from /home/olwhistle/dockerNow/esp32/programs/ovs/build/bootloader/specs/picolibc.specs
rename spec link to picolibc_link
rename spec link_libgcc to picolibc_link_libgcc
rename spec cpp to picolibc_cpp
rename spec cc1 to picolibc_cc1
rename spec cc1plus to picolibc_cc1plus
COLLECT_GCC=/root/.espressif/tools/xtensa-esp-elf/esp-15.2.0_20251204/xtensa-esp-elf/bin/xtensa-esp-elf-gcc
Target: xtensa-esp-elf
Configured with: /builds/idf/crosstool-NG/.build/xtensa-esp-elf/src/gcc/configure --build=x86_64-build_pc-linux-gnu --host=x86_64-build_pc-linux-gnu --target=xtensa-esp-elf --prefix=/builds/idf/crosstool-NG/builds/xtensa-esp-elf --exec_prefix=/builds/idf/crosstool-NG/builds/xtensa-esp-elf --with-local-prefix=/builds/idf/crosstool-NG/builds/xtensa-esp-elf/xtensa-esp-elf --with-sysroot=/builds/idf/crosstool-NG/builds/xtensa-esp-elf/xtensa-esp-elf --with-native-system-header-dir=/include --with-headers=/builds/idf/crosstool-NG/builds/xtensa-esp-elf/xtensa-esp-elf/include --with-newlib --enable-threads=no --disable-shared --with-pkgversion='crosstool-NG esp-15.2.0_20251204' --disable-__cxa_atexit --enable-cxx-flags='-ffunction-sections -fdata-sections' --disable-libgomp --disable-libmudflap --disable-libmpx --disable-libssp --disable-libquadmath --disable-libquadmath-support --disable-libstdcxx-verbose --with-gmp=/builds/idf/crosstool-NG/.build/xtensa-esp-elf/buildtools --with-mpfr=/builds/idf/crosstool-NG/.build/xtensa-esp-elf/buildtools --with-mpc=/builds/idf/crosstool-NG/.build/xtensa-esp-elf/buildtools --with-isl=/builds/idf/crosstool-NG/.build/xtensa-esp-elf/buildtools --enable-lto --enable-target-optspace --without-long-double-128 --enable-plugin --disable-nls --enable-multiarch --enable-languages=c,c++ --disable-libstdcxx-verbose --enable-threads=posix --enable-libstdcxx-time=yes --disable-win32-utf8-manifest
Thread model: posix
Supported LTO compression algorithms: zlib zstd
gcc version 15.2.0 (crosstool-NG esp-15.2.0_20251204) 
COLLECT_GCC_OPTIONS='-mdynconfig=xtensa_esp32.so' '-specs=/home/olwhistle/dockerNow/esp32/programs/ovs/build/bootloader/specs/picolibc.specs' '-v' '-o' 'CMakeFiles/cmTC_9d9a9.dir/CMakeCCompilerABI.c.obj' '-c' '-dumpdir' 'CMakeFiles/cmTC_9d9a9.dir/'
 /root/.espressif/tools/xtensa-esp-elf/esp-15.2.0_20251204/xtensa-esp-elf/bin/../libexec/gcc/xtensa-esp-elf/15.2.0/cc1 -quiet -v -imultilib esp32 -iprefix /root/.espressif/tools/xtensa-esp-elf/esp-15.2.0_20251204/xtensa-esp-elf/bin/../lib/gcc/xtensa-esp-elf/15.2.0/ -isysroot /root/.espressif/tools/xtensa-esp-elf/esp-15.2.0_20251204/xtensa-esp-elf/bin/../xtensa-esp-elf -isystem /root/.espressif/tools/xtensa-esp-elf/esp-15.2.0_20251204/xtensa-esp-elf/bin/../xtensa-esp-elf/../picolibc/include -isystem /root/.espressif/tools/xtensa-esp-elf/esp-15.2.0_20251204/xtensa-esp-elf/bin/../xtensa-esp-elf/../picolibc/include/../xtensa-esp-elf/include/c++/15.2.0/xtensa-esp-elf/esp32 /usr/share/cmake-3.22/Modules/CMakeCCompilerABI.c -ftls-model=local-exec -quiet -dumpdir CMakeFiles/cmTC_9d9a9.dir/ -dumpbase CMakeCCompilerABI.c.c -dumpbase-ext .c -mdynconfig=xtensa_esp32.so -version -o /tmp/ccasCkHe.s
GNU C23 (crosstool-NG esp-15.2.0_20251204) version 15.2.0 (xtensa-esp-elf)
	compiled by GNU C version 6.3.0, GMP version 6.3.0, MPFR version 4.2.1, MPC version 1.3.1, isl version isl-0.26-GMP

GGC heuristics: --param ggc-min-expand=100 --param ggc-min-heapsize=131072
ignoring duplicate directory "/root/.espressif/tools/xtensa-esp-elf/esp-15.2.0_20251204/xtensa-esp-elf/bin/../lib/gcc/../../lib/gcc/xtensa-esp-elf/15.2.0/include"
ignoring nonexistent directory "/root/.espressif/tools/xtensa-esp-elf/esp-15.2.0_20251204/xtensa-esp-elf/bin/../xtensa-esp-elf/builds/idf/crosstool-NG/builds/xtensa-esp-elf/xtensa-esp-elf/include"
ignoring duplicate directory "/root/.espressif/tools/xtensa-esp-elf/esp-15.2.0_20251204/xtensa-esp-elf/bin/../lib/gcc/../../lib/gcc/xtensa-esp-elf/15.2.0/include-fixed"
ignoring duplicate directory "/root/.espressif/tools/xtensa-esp-elf/esp-15.2.0_20251204/xtensa-esp-elf/bin/../lib/gcc/../../lib/gcc/xtensa-esp-elf/15.2.0/../../../../xtensa-esp-elf/include"
ignoring duplicate directory "/root/.espressif/tools/xtensa-esp-elf/esp-15.2.0_20251204/xtensa-esp-elf/bin/../xtensa-esp-elf/include"
#include "..." search starts here:
#include <...> search starts here:
 /root/.espressif/tools/xtensa-esp-elf/esp-15.2.0_20251204/xtensa-esp-elf/bin/../xtensa-esp-elf/../picolibc/include
 /root/.espressif/tools/xtensa-esp-elf/esp-15.2.0_20251204/xtensa-esp-elf/bin/../xtensa-esp-elf/../picolibc/include/../xtensa-esp-elf/include/c++/15.2.0/xtensa-esp-elf/esp32
 /root/.espressif/tools/xtensa-esp-elf/esp-15.2.0_20251204/xtensa-esp-elf/bin/../lib/gcc/xtensa-esp-elf/15.2.0/include
 /root/.espressif/tools/xtensa-esp-elf/esp-15.2.0_20251204/xtensa-esp-elf/bin/../lib/gcc/xtensa-esp-elf/15.2.0/include-fixed
 /root/.espressif/tools/xtensa-esp-elf/esp-15.2.0_20251204/xtensa-esp-elf/bin/../lib/gcc/xtensa-esp-elf/15.2.0/../../../../xtensa-esp-elf/include
End of search list.
Compiler executable checksum: 023236c824ceaa5629805e8d1b1d2049
COLLECT_GCC_OPTIONS='-mdynconfig=xtensa_esp32.so' '-specs=/home/olwhistle/dockerNow/esp32/programs/ovs/build/bootloader/specs/picolibc.specs' '-v' '-o' 'CMakeFiles/cmTC_9d9a9.dir/CMakeCCompilerABI.c.obj' '-c' '-dumpdir' 'CMakeFiles/cmTC_9d9a9.dir/'
 /root/.espressif/tools/xtensa-esp-elf/esp-15.2.0_20251204/xtensa-esp-elf/bin/../lib/gcc/xtensa-esp-elf/15.2.0/../../../../xtensa-esp-elf/bin/as --traditional-format --dynconfig=xtensa_esp32.so -o CMakeFiles/cmTC_9d9a9.dir/CMakeCCompilerABI.c.obj /tmp/ccasCkHe.s
COMPILER_PATH=/root/.espressif/tools/xtensa-esp-elf/esp-15.2.0_20251204/xtensa-esp-elf/bin/../libexec/gcc/xtensa-esp-elf/15.2.0/:/root/.espressif/tools/xtensa-esp-elf/esp-15.2.0_20251204/xtensa-esp-elf/bin/../libexec/gcc/:/root/.espressif/tools/xtensa-esp-elf/esp-15.2.0_20251204/xtensa-esp-elf/bin/../lib/gcc/xtensa-esp-elf/15.2.0/../../../../xtensa-esp-elf/bin/
LIBRARY_PATH=/root/.espressif/tools/xtensa-esp-elf/esp-15.2.0_20251204/xtensa-esp-elf/bin/../lib/gcc/xtensa-esp-elf/15.2.0/esp32/:/root/.espressif/tools/xtensa-esp-elf/esp-15.2.0_20251204/xtensa-esp-elf/bin/../lib/gcc/xtensa-esp-elf/15.2.0/../../../../xtensa-esp-elf/lib/esp32/:/root/.espressif/tools/xtensa-esp-elf/esp-15.2.0_20251204/xtensa-esp-elf/bin/../xtensa-esp-elf/lib/esp32/:/root/.espressif/tools/xtensa-esp-elf/esp-15.2.0_20251204/xtensa-esp-elf/bin/../lib/gcc/xtensa-esp-elf/15.2.0/:/root/.espressif/tools/xtensa-esp-elf/esp-15.2.0_20251204/xtensa-esp-elf/bin/../lib/gcc/:/root/.espressif/tools/xtensa-esp-elf/esp-15.2.0_20251204/xtensa-esp-elf/bin/../lib/gcc/xtensa-esp-elf/15.2.0/../../../../xtensa-esp-elf/lib/:/root/.espressif/tools/xtensa-esp-elf/esp-15.2.0_20251204/xtensa-esp-elf/bin/../xtensa-esp-elf/lib/:/root/.espressif/tools/xtensa-esp-elf/esp-15.2.0_20251204/xtensa-esp-elf/bin/../xtensa-esp-elf/usr/lib/
COLLECT_GCC_OPTIONS='-mdynconfig=xtensa_esp32.so' '-specs=/home/olwhistle/dockerNow/esp32/programs/ovs/build/bootloader/specs/picolibc.specs' '-v' '-o' 'CMakeFiles/cmTC_9d9a9.dir/CMakeCCompilerABI.c.obj' '-c' '-dumpdir' 'CMakeFiles/cmTC_9d9a9.dir/CMakeCCompilerABI.c.'
Linking C executable cmTC_9d9a9
/usr/bin/cmake -E cmake_link_script CMakeFiles/cmTC_9d9a9.dir/link.txt --verbose=1
/root/.espressif/tools/xtensa-esp-elf/esp-15.2.0_20251204/xtensa-esp-elf/bin/xtensa-esp32-elf-gcc @"/home/olwhistle/dockerNow/esp32/programs/ovs/build/bootloader/toolchain/cflags"  @"/home/olwhistle/dockerNow/esp32/programs/ovs/build/bootloader/toolchain/ldflags" -v CMakeFiles/cmTC_9d9a9.dir/CMakeCCompilerABI.c.obj -o cmTC_9d9a9 
Using built-in specs.
Reading specs from /home/olwhistle/dockerNow/esp32/programs/ovs/build/bootloader/specs/picolibc.specs
rename spec link to picolibc_link
rename spec link_libgcc to picolibc_link_libgcc
rename spec cpp to picolibc_cpp
rename spec cc1 to picolibc_cc1
rename spec cc1plus to picolibc_cc1plus
COLLECT_GCC=/root/.espressif/tools/xtensa-esp-elf/esp-15.2.0_20251204/xtensa-esp-elf/bin/xtensa-esp-elf-gcc
COLLECT_LTO_WRAPPER=/root/.espressif/tools/xtensa-esp-elf/esp-15.2.0_20251204/xtensa-esp-elf/bin/../libexec/gcc/xtensa-esp-elf/15.2.0/lto-wrapper
Target: xtensa-esp-elf
Configured with: /builds/idf/crosstool-NG/.build/xtensa-esp-elf/src/gcc/configure --build=x86_64-build_pc-linux-gnu --host=x86_64-build_pc-linux-gnu --target=xtensa-esp-elf --prefix=/builds/idf/crosstool-NG/builds/xtensa-esp-elf --exec_prefix=/builds/idf/crosstool-NG/builds/xtensa-esp-elf --with-local-prefix=/builds/idf/crosstool-NG/builds/xtensa-esp-elf/xtensa-esp-elf --with-sysroot=/builds/idf/crosstool-NG/builds/xtensa-esp-elf/xtensa-esp-elf --with-native-system-header-dir=/include --with-headers=/builds/idf/crosstool-NG/builds/xtensa-esp-elf/xtensa-esp-elf/include --with-newlib --enable-threads=no --disable-shared --with-pkgversion='crosstool-NG esp-15.2.0_20251204' --disable-__cxa_atexit --enable-cxx-flags='-ffunction-sections -fdata-sections' --disable-libgomp --disable-libmudflap --disable-libmpx --disable-libssp --disable-libquadmath --disable-libquadmath-support --disable-libstdcxx-verbose --with-gmp=/builds/idf/crosstool-NG/.build/xtensa-esp-elf/buildtools --with-mpfr=/builds/idf/crosstool-NG/.build/xtensa-esp-elf/buildtools --with-mpc=/builds/idf/crosstool-NG/.build/xtensa-esp-elf/buildtools --with-isl=/builds/idf/crosstool-NG/.build/xtensa-esp-elf/buildtools --enable-lto --enable-target-optspace --without-long-double-128 --enable-plugin --disable-nls --enable-multiarch --enable-languages=c,c++ --disable-libstdcxx-verbose --enable-threads=posix --enable-libstdcxx-time=yes --disable-win32-utf8-manifest
Thread model: posix
Supported LTO compression algorithms: zlib zstd
gcc version 15.2.0 (crosstool-NG esp-15.2.0_20251204) 
COMPILER_PATH=/root/.espressif/tools/xtensa-esp-elf/esp-15.2.0_20251204/xtensa-esp-elf/bin/../libexec/gcc/xtensa-esp-elf/15.2.0/:/root/.espressif/tools/xtensa-esp-elf/esp-15.2.0_20251204/xtensa-esp-elf/bin/../libexec/gcc/:/root/.espressif/tools/xtensa-esp-elf/esp-15.2.0_20251204/xtensa-esp-elf/bin/../lib/gcc/xtensa-esp-elf/15.2.0/../../../../xtensa-esp-elf/bin/
LIBRARY_PATH=/root/.espressif/tools/xtensa-esp-elf/esp-15.2.0_20251204/xtensa-esp-elf/bin/../lib/gcc/xtensa-esp-elf/15.2.0/esp32/:/root/.espressif/tools/xtensa-esp-elf/esp-15.2.0_20251204/xtensa-esp-elf/bin/../lib/gcc/xtensa-esp-elf/15.2.0/../../../../xtensa-esp-elf/lib/esp32/:/root/.espressif/tools/xtensa-esp-elf/esp-15.2.0_20251204/xtensa-esp-elf/bin/../xtensa-esp-elf/lib/esp32/:/root/.espressif/tools/xtensa-esp-elf/esp-15.2.0_20251204/xtensa-esp-elf/bin/../lib/gcc/xtensa-esp-elf/15.2.0/:/root/.espressif/tools/xtensa-esp-elf/esp-15.2.0_20251204/xtensa-esp-elf/bin/../lib/gcc/:/root/.espressif/tools/xtensa-esp-elf/esp-15.2.0_20251204/xtensa-esp-elf/bin/../lib/gcc/xtensa-esp-elf/15.2.0/../../../../xtensa-esp-elf/lib/:/root/.espressif/tools/xtensa-esp-elf/esp-15.2.0_20251204/xtensa-esp-elf/bin/../xtensa-esp-elf/lib/:/root/.espressif/tools/xtensa-esp-elf/esp-15.2.0_20251204/xtensa-esp-elf/bin/../xtensa-esp-elf/usr/lib/
COLLECT_GCC_OPTIONS='-mdynconfig=xtensa_esp32.so' '-specs=/home/olwhistle/dockerNow/esp32/programs/ovs/build/bootloader/specs/picolibc.specs' '-v' '-o' 'cmTC_9d9a9' '-dumpdir' 'cmTC_9d9a9.'
 /root/.espressif/tools/xtensa-esp-elf/esp-15.2.0_20251204/xtensa-esp-elf/bin/../libexec/gcc/xtensa-esp-elf/15.2.0/collect2 -plugin /root/.espressif/tools/xtensa-esp-elf/esp-15.2.0_20251204/xtensa-esp-elf/bin/../libexec/gcc/xtensa-esp-elf/15.2.0/liblto_plugin.so -plugin-opt=/root/.espressif/tools/xtensa-esp-elf/esp-15.2.0_20251204/xtensa-esp-elf/bin/../libexec/gcc/xtensa-esp-elf/15.2.0/lto-wrapper -plugin-opt=-fresolution=/tmp/ccbiO2CB.res -plugin-opt=-pass-through=-lgcc -plugin-opt=-pass-through=-lgcc -plugin-opt=-pass-through=-lc -plugin-opt=-pass-through=-lgcc -L/root/.espressif/tools/xtensa-esp-elf/esp-15.2.0_20251204/xtensa-esp-elf/bin/../xtensa-esp-elf/../picolibc/xtensa-esp-elf/lib/esp32 -L/root/.espressif/tools/xtensa-esp-elf/esp-15.2.0_20251204/xtensa-esp-elf/bin/../xtensa-esp-elf/../picolibc/xtensa-esp-elf/lib -Tpicolibc.ld --sysroot=/root/.espressif/tools/xtensa-esp-elf/esp-15.2.0_20251204/xtensa-esp-elf/bin/../xtensa-esp-elf --dynconfig=xtensa_esp32.so -o cmTC_9d9a9 /root/.espressif/tools/xtensa-esp-elf/esp-15.2.0_20251204/xtensa-esp-elf/bin/../xtensa-esp-elf/../picolibc/xtensa-esp-elf/lib/esp32/crt0.o -L/root/.espressif/tools/xtensa-esp-elf/esp-15.2.0_20251204/xtensa-esp-elf/bin/../xtensa-esp-elf/../picolibc/lib/gcc/xtensa-esp-elf/15.2.0/esp32 -L/root/.espressif/tools/xtensa-esp-elf/esp-15.2.0_20251204/xtensa-esp-elf/bin/../xtensa-esp-elf/../picolibc/lib/gcc/xtensa-esp-elf/15.2.0 -L/root/.espressif/tools/xtensa-esp-elf/esp-15.2.0_20251204/xtensa-esp-elf/bin/../lib/gcc/xtensa-esp-elf/15.2.0/esp32 -L/root/.espressif/tools/xtensa-esp-elf/esp-15.2.0_20251204/xtensa-esp-elf/bin/../lib/gcc/xtensa-esp-elf/15.2.0/../../../../xtensa-esp-elf/lib/esp32 -L/root/.espressif/tools/xtensa-esp-elf/esp-15.2.0_20251204/xtensa-esp-elf/bin/../xtensa-esp-elf/lib/esp32 -L/root/.espressif/tools/xtensa-esp-elf/esp-15.2.0_20251204/xtensa-esp-elf/bin/../lib/gcc/xtensa-esp-elf/15.2.0 -L/root/.espressif/tools/xtensa-esp-elf/esp-15.2.0_20251204/xtensa-esp-elf/bin/../lib/gcc -L/root/.espressif/tools/xtensa-esp-elf/esp-15.2.0_20251204/xtensa-esp-elf/bin/../lib/gcc/xtensa-esp-elf/15.2.0/../../../../xtensa-esp-elf/lib -L/root/.espressif/tools/xtensa-esp-elf/esp-15.2.0_20251204/xtensa-esp-elf/bin/../xtensa-esp-elf/lib -L/root/.espressif/tools/xtensa-esp-elf/esp-15.2.0_20251204/xtensa-esp-elf/bin/../xtensa-esp-elf/usr/lib @/tmp/ccFgtpiN -lgcc --start-group -lgcc -lc --end-group -lgcc
COLLECT_GCC_OPTIONS='-mdynconfig=xtensa_esp32.so' '-specs=/home/olwhistle/dockerNow/esp32/programs/ovs/build/bootloader/specs/picolibc.specs' '-v' '-o' 'cmTC_9d9a9' '-dumpdir' 'cmTC_9d9a9.'
gmake[4]: Leaving directory '/home/olwhistle/dockerNow/esp32/programs/ovs/build/bootloader/CMakeFiles/CMakeTmp'
gmake[3]: Leaving directory '/home/olwhistle/dockerNow/esp32/programs/ovs/build/bootloader/CMakeFiles/CMakeTmp'



Parsed C implicit include dir info from above output: rv=done
  found start of include info
  found start of implicit include info
    add: [/root/.espressif/tools/xtensa-esp-elf/esp-15.2.0_20251204/xtensa-esp-elf/bin/../xtensa-esp-elf/../picolibc/include]
    add: [/root/.espressif/tools/xtensa-esp-elf/esp-15.2.0_20251204/xtensa-esp-elf/bin/../xtensa-esp-elf/../picolibc/include/../xtensa-esp-elf/include/c++/15.2.0/xtensa-esp-elf/esp32]
    add: [/root/.espressif/tools/xtensa-esp-elf/esp-15.2.0_20251204/xtensa-esp-elf/bin/../lib/gcc/xtensa-esp-elf/15.2.0/include]
    add: [/root/.espressif/tools/xtensa-esp-elf/esp-15.2.0_20251204/xtensa-esp-elf/bin/../lib/gcc/xtensa-esp-elf/15.2.0/include-fixed]
    add: [/root/.espressif/tools/xtensa-esp-elf/esp-15.2.0_20251204/xtensa-esp-elf/bin/../lib/gcc/xtensa-esp-elf/15.2.0/../../../../xtensa-esp-elf/include]
  end of search list found
  collapse include dir [/root/.espressif/tools/xtensa-esp-elf/esp-15.2.0_20251204/xtensa-esp-elf/bin/../xtensa-esp-elf/../picolibc/include] ==> [/root/.espressif/tools/xtensa-esp-elf/esp-15.2.0_20251204/xtensa-esp-elf/picolibc/include]
  collapse include dir [/root/.espressif/tools/xtensa-esp-elf/esp-15.2.0_20251204/xtensa-esp-elf/bin/../xtensa-esp-elf/../picolibc/include/../xtensa-esp-elf/include/c++/15.2.0/xtensa-esp-elf/esp32] ==> [/root/.espressif/tools/xtensa-esp-elf/esp-15.2.0_20251204/xtensa-esp-elf/picolibc/xtensa-esp-elf/include/c++/15.2.0/xtensa-esp-elf/esp32]
  collapse include dir [/root/.espressif/tools/xtensa-esp-elf/esp-15.2.0_20251204/xtensa-esp-elf/bin/../lib/gcc/xtensa-esp-elf/15.2.0/include] ==> [/root/.espressif/tools/xtensa-esp-elf/esp-15.2.0_20251204/xtensa-esp-elf/lib/gcc/xtensa-esp-elf/15.2.0/include]
  collapse include dir [/root/.espressif/tools/xtensa-esp-elf/esp-15.2.0_20251204/xtensa-esp-elf/bin/../lib/gcc/xtensa-esp-elf/15.2.0/include-fixed] ==> [/root/.espressif/tools/xtensa-esp-elf/esp-15.2.0_20251204/xtensa-esp-elf/lib/gcc/xtensa-esp-elf/15.2.0/include-fixed]
  collapse include dir [/root/.espressif/tools/xtensa-esp-elf/esp-15.2.0_20251204/xtensa-esp-elf/bin/../lib/gcc/xtensa-esp-elf/15.2.0/../../../../xtensa-esp-elf/include] ==> [/root/.espressif/tools/xtensa-esp-elf/esp-15.2.0_20251204/xtensa-esp-elf/xtensa-esp-elf/include]
  implicit include dirs: [/root/.espressif/tools/xtensa-esp-elf/esp-15.2.0_20251204/xtensa-esp-elf/picolibc/include;/root/.espressif/tools/xtensa-esp-elf/esp-15.2.0_20251204/xtensa-esp-elf/picolibc/xtensa-esp-elf/include/c++/15.2.0/xtensa-esp-elf/esp32;/root/.espressif/tools/xtensa-esp-elf/esp-15.2.0_20251204/xtensa-esp-elf/lib/gcc/xtensa-esp-elf/15.2.0/include;/root/.espressif/tools/xtensa-esp-elf/esp-15.2.0_20251204/xtensa-esp-elf/lib/gcc/xtensa-esp-elf/15.2.0/include-fixed;/root/.espressif/tools/xtensa-esp-elf/esp-15.2.0_20251204/xtensa-esp-elf/xtensa-esp-elf/include]


Parsed C implicit link information from above output:
  link line regex: [^( *|.*[/\])(xtensa-esp32-elf-ld|CMAKE_LINK_STARTFILE-NOTFOUND|([^/\]+-)?ld|collect2)[^/\]*( |$)]
  ignore line: [Change Dir: /home/olwhistle/dockerNow/esp32/programs/ovs/build/bootloader/CMakeFiles/CMakeTmp]
  ignore line: []
  ignore line: [Run Build Command(s):/usr/bin/gmake -f Makefile cmTC_9d9a9/fast && gmake[3]: Entering directory '/home/olwhistle/dockerNow/esp32/programs/ovs/build/bootloader/CMakeFiles/CMakeTmp']
  ignore line: [/usr/bin/gmake  -f CMakeFiles/cmTC_9d9a9.dir/build.make CMakeFiles/cmTC_9d9a9.dir/build]
  ignore line: [gmake[4]: Entering directory '/home/olwhistle/dockerNow/esp32/programs/ovs/build/bootloader/CMakeFiles/CMakeTmp']
  ignore line: [Building C object CMakeFiles/cmTC_9d9a9.dir/CMakeCCompilerABI.c.obj]
  ignore line: [/root/.espressif/tools/xtensa-esp-elf/esp-15.2.0_20251204/xtensa-esp-elf/bin/xtensa-esp32-elf-gcc   @"/home/olwhistle/dockerNow/esp32/programs/ovs/build/bootloader/toolchain/cflags"    -v -o CMakeFiles/cmTC_9d9a9.dir/CMakeCCompilerABI.c.obj -c /usr/share/cmake-3.22/Modules/CMakeCCompilerABI.c]
  ignore line: [Using built-in specs.]
  ignore line: [Reading specs from /home/olwhistle/dockerNow/esp32/programs/ovs/build/bootloader/specs/picolibc.specs]
  ignore line: [rename spec link to picolibc_link]
  ignore line: [rename spec link_libgcc to picolibc_link_libgcc]
  ignore line: [rename spec cpp to picolibc_cpp]
  ignore line: [rename spec cc1 to picolibc_cc1]
  ignore line: [rename spec cc1plus to picolibc_cc1plus]
  ignore line: [COLLECT_GCC=/root/.espressif/tools/xtensa-esp-elf/esp-15.2.0_20251204/xtensa-esp-elf/bin/xtensa-esp-elf-gcc]
  ignore line: [Target: xtensa-esp-elf]
  ignore line: [Configured with: /builds/idf/crosstool-NG/.build/xtensa-esp-elf/src/gcc/configure --build=x86_64-build_pc-linux-gnu --host=x86_64-build_pc-linux-gnu --target=xtensa-esp-elf --prefix=/builds/idf/crosstool-NG/builds/xtensa-esp-elf --exec_prefix=/builds/idf/crosstool-NG/builds/xtensa-esp-elf --with-local-prefix=/builds/idf/crosstool-NG/builds/xtensa-esp-elf/xtensa-esp-elf --with-sysroot=/builds/idf/crosstool-NG/builds/xtensa-esp-elf/xtensa-esp-elf --with-native-system-header-dir=/include --with-headers=/builds/idf/crosstool-NG/builds/xtensa-esp-elf/xtensa-esp-elf/include --with-newlib --enable-threads=no --disable-shared --with-pkgversion='crosstool-NG esp-15.2.0_20251204' --disable-__cxa_atexit --enable-cxx-flags='-ffunction-sections -fdata-sections' --disable-libgomp --disable-libmudflap --disable-libmpx --disable-libssp --disable-libquadmath --disable-libquadmath-support --disable-libstdcxx-verbose --with-gmp=/builds/idf/crosstool-NG/.build/xtensa-esp-elf/buildtools --with-mpfr=/builds/idf/crosstool-NG/.build/xtensa-esp-elf/buildtools --with-mpc=/builds/idf/crosstool-NG/.build/xtensa-esp-elf/buildtools --with-isl=/builds/idf/crosstool-NG/.build/xtensa-esp-elf/buildtools --enable-lto --enable-target-optspace --without-long-double-128 --enable-plugin --disable-nls --enable-multiarch --enable-languages=c c++ --disable-libstdcxx-verbose --enable-threads=posix --enable-libstdcxx-time=yes --disable-win32-utf8-manifest]
  ignore line: [Thread model: posix]
  ignore line: [Supported LTO compression algorithms: zlib zstd]
  ignore line: [gcc version 15.2.0 (crosstool-NG esp-15.2.0_20251204) ]
  ignore line: [COLLECT_GCC_OPTIONS='-mdynconfig=xtensa_esp32.so' '-specs=/home/olwhistle/dockerNow/esp32/programs/ovs/build/bootloader/specs/picolibc.specs' '-v' '-o' 'CMakeFiles/cmTC_9d9a9.dir/CMakeCCompilerABI.c.obj' '-c' '-dumpdir' 'CMakeFiles/cmTC_9d9a9.dir/']
  ignore line: [ /root/.espressif/tools/xtensa-esp-elf/esp-15.2.0_20251204/xtensa-esp-elf/bin/../libexec/gcc/xtensa-esp-elf/15.2.0/cc1 -quiet -v -imultilib esp32 -iprefix /root/.espressif/tools/xtensa-esp-elf/esp-15.2.0_20251204/xtensa-esp-elf/bin/../lib/gcc/xtensa-esp-elf/15.2.0/ -isysroot /root/.espressif/tools/xtensa-esp-elf/esp-15.2.0_20251204/xtensa-esp-elf/bin/../xtensa-esp-elf -isystem /root/.espressif/tools/xtensa-esp-elf/esp-15.2.0_20251204/xtensa-esp-elf/bin/../xtensa-esp-elf/../picolibc/include -isystem /root/.espressif/tools/xtensa-esp-elf/esp-15.2.0_20251204/xtensa-esp-elf/bin/../xtensa-esp-elf/../picolibc/include/../xtensa-esp-elf/include/c++/15.2.0/xtensa-esp-elf/esp32 /usr/share/cmake-3.22/Modules/CMakeCCompilerABI.c -ftls-model=local-exec -quiet -dumpdir CMakeFiles/cmTC_9d9a9.dir/ -dumpbase CMakeCCompilerABI.c.c -dumpbase-ext .c -mdynconfig=xtensa_esp32.so -version -o /tmp/ccasCkHe.s]
  ignore line: [GNU C23 (crosstool-NG esp-15.2.0_20251204) version 15.2.0 (xtensa-esp-elf)]
  ignore line: [	compiled by GNU C version 6.3.0  GMP version 6.3.0  MPFR version 4.2.1  MPC version 1.3.1  isl version isl-0.26-GMP]
  ignore line: []
  ignore line: [GGC heuristics: --param ggc-min-expand=100 --param ggc-min-heapsize=131072]
  ignore line: [ignoring duplicate directory "/root/.espressif/tools/xtensa-esp-elf/esp-15.2.0_20251204/xtensa-esp-elf/bin/../lib/gcc/../../lib/gcc/xtensa-esp-elf/15.2.0/include"]
  ignore line: [ignoring nonexistent directory "/root/.espressif/tools/xtensa-esp-elf/esp-15.2.0_20251204/xtensa-esp-elf/bin/../xtensa-esp-elf/builds/idf/crosstool-NG/builds/xtensa-esp-elf/xtensa-esp-elf/include"]
  ignore line: [ignoring duplicate directory "/root/.espressif/tools/xtensa-esp-elf/esp-15.2.0_20251204/xtensa-esp-elf/bin/../lib/gcc/../../lib/gcc/xtensa-esp-elf/15.2.0/include-fixed"]
  ignore line: [ignoring duplicate directory "/root/.espressif/tools/xtensa-esp-elf/esp-15.2.0_20251204/xtensa-esp-elf/bin/../lib/gcc/../../lib/gcc/xtensa-esp-elf/15.2.0/../../../../xtensa-esp-elf/include"]
  ignore line: [ignoring duplicate directory "/root/.espressif/tools/xtensa-esp-elf/esp-15.2.0_20251204/xtensa-esp-elf/bin/../xtensa-esp-elf/include"]
  ignore line: [#include "..." search starts here:]
  ignore line: [#include <...> search starts here:]
  ignore line: [ /root/.espressif/tools/xtensa-esp-elf/esp-15.2.0_20251204/xtensa-esp-elf/bin/../xtensa-esp-elf/../picolibc/include]
  ignore line: [ /root/.espressif/tools/xtensa-esp-elf/esp-15.2.0_20251204/xtensa-esp-elf/bin/../xtensa-esp-elf/../picolibc/include/../xtensa-esp-elf/include/c++/15.2.0/xtensa-esp-elf/esp32]
  ignore line: [ /root/.espressif/tools/xtensa-esp-elf/esp-15.2.0_20251204/xtensa-esp-elf/bin/../lib/gcc/xtensa-esp-elf/15.2.0/include]
  ignore line: [ /root/.espressif/tools/xtensa-esp-elf/esp-15.2.0_20251204/xtensa-esp-elf/bin/../lib/gcc/xtensa-esp-elf/15.2.0/include-fixed]
  ignore line: [ /root/.espressif/tools/xtensa-esp-elf/esp-15.2.0_20251204/xtensa-esp-elf/bin/../lib/gcc/xtensa-esp-elf/15.2.0/../../../../xtensa-esp-elf/include]
  ignore line: [End of search list.]
  ignore line: [Compiler executable checksum: 023236c824ceaa5629805e8d1b1d2049]
  ignore line: [COLLECT_GCC_OPTIONS='-mdynconfig=xtensa_esp32.so' '-specs=/home/olwhistle/dockerNow/esp32/programs/ovs/build/bootloader/specs/picolibc.specs' '-v' '-o' 'CMakeFiles/cmTC_9d9a9.dir/CMakeCCompilerABI.c.obj' '-c' '-dumpdir' 'CMakeFiles/cmTC_9d9a9.dir/']
  ignore line: [ /root/.espressif/tools/xtensa-esp-elf/esp-15.2.0_20251204/xtensa-esp-elf/bin/../lib/gcc/xtensa-esp-elf/15.2.0/../../../../xtensa-esp-elf/bin/as --traditional-format --dynconfig=xtensa_esp32.so -o CMakeFiles/cmTC_9d9a9.dir/CMakeCCompilerABI.c.obj /tmp/ccasCkHe.s]
  ignore line: [COMPILER_PATH=/root/.espressif/tools/xtensa-esp-elf/esp-15.2.0_20251204/xtensa-esp-elf/bin/../libexec/gcc/xtensa-esp-elf/15.2.0/:/root/.espressif/tools/xtensa-esp-elf/esp-15.2.0_20251204/xtensa-esp-elf/bin/../libexec/gcc/:/root/.espressif/tools/xtensa-esp-elf/esp-15.2.0_20251204/xtensa-esp-elf/bin/../lib/gcc/xtensa-esp-elf/15.2.0/../../../../xtensa-esp-elf/bin/]
  ignore line: [LIBRARY_PATH=/root/.espressif/tools/xtensa-esp-elf/esp-15.2.0_20251204/xtensa-esp-elf/bin/../lib/gcc/xtensa-esp-elf/15.2.0/esp32/:/root/.espressif/tools/xtensa-esp-elf/esp-15.2.0_20251204/xtensa-esp-elf/bin/../lib/gcc/xtensa-esp-elf/15.2.0/../../../../xtensa-esp-elf/lib/esp32/:/root/.espressif/tools/xtensa-esp-elf/esp-15.2.0_20251204/xtensa-esp-elf/bin/../xtensa-esp-elf/lib/esp32/:/root/.espressif/tools/xtensa-esp-elf/esp-15.2.0_20251204/xtensa-esp-elf/bin/../lib/gcc/xtensa-esp-elf/15.2.0/:/root/.espressif/tools/xtensa-esp-elf/esp-15.2.0_20251204/xtensa-esp-elf/bin/../lib/gcc/:/root/.espressif/tools/xtensa-esp-elf/esp-15.2.0_20251204/xtensa-esp-elf/bin/../lib/gcc/xtensa-esp-elf/15.2.0/../../../../xtensa-esp-elf/lib/:/root/.espressif/tools/xtensa-esp-elf/esp-15.2.0_20251204/xtensa-esp-elf/bin/../xtensa-esp-elf/lib/:/root/.espressif/tools/xtensa-esp-elf/esp-15.2.0_20251204/xtensa-esp-elf/bin/../xtensa-esp-elf/usr/lib/]
  ignore line: [COLLECT_GCC_OPTIONS='-mdynconfig=xtensa_esp32.so' '-specs=/home/olwhistle/dockerNow/esp32/programs/ovs/build/bootloader/specs/picolibc.specs' '-v' '-o' 'CMakeFiles/cmTC_9d9a9.dir/CMakeCCompilerABI.c.obj' '-c' '-dumpdir' 'CMakeFiles/cmTC_9d9a9.dir/CMakeCCompilerABI.c.']
  ignore line: [Linking C executable cmTC_9d9a9]
  ignore line: [/usr/bin/cmake -E cmake_link_script CMakeFiles/cmTC_9d9a9.dir/link.txt --verbose=1]
  ignore line: [/root/.espressif/tools/xtensa-esp-elf/esp-15.2.0_20251204/xtensa-esp-elf/bin/xtensa-esp32-elf-gcc @"/home/olwhistle/dockerNow/esp32/programs/ovs/build/bootloader/toolchain/cflags"  @"/home/olwhistle/dockerNow/esp32/programs/ovs/build/bootloader/toolchain/ldflags" -v CMakeFiles/cmTC_9d9a9.dir/CMakeCCompilerABI.c.obj -o cmTC_9d9a9 ]
  ignore line: [Using built-in specs.]
  ignore line: [Reading specs from /home/olwhistle/dockerNow/esp32/programs/ovs/build/bootloader/specs/picolibc.specs]
  ignore line: [rename spec link to picolibc_link]
  ignore line: [rename spec link_libgcc to picolibc_link_libgcc]
  ignore line: [rename spec cpp to picolibc_cpp]
  ignore line: [rename spec cc1 to picolibc_cc1]
  ignore line: [rename spec cc1plus to picolibc_cc1plus]
  ignore line: [COLLECT_GCC=/root/.espressif/tools/xtensa-esp-elf/esp-15.2.0_20251204/xtensa-esp-elf/bin/xtensa-esp-elf-gcc]
  ignore line: [COLLECT_LTO_WRAPPER=/root/.espressif/tools/xtensa-esp-elf/esp-15.2.0_20251204/xtensa-esp-elf/bin/../libexec/gcc/xtensa-esp-elf/15.2.0/lto-wrapper]
  ignore line: [Target: xtensa-esp-elf]
  ignore line: [Configured with: /builds/idf/crosstool-NG/.build/xtensa-esp-elf/src/gcc/configure --build=x86_64-build_pc-linux-gnu --host=x86_64-build_pc-linux-gnu --target=xtensa-esp-elf --prefix=/builds/idf/crosstool-NG/builds/xtensa-esp-elf --exec_prefix=/builds/idf/crosstool-NG/builds/xtensa-esp-elf --with-local-prefix=/builds/idf/crosstool-NG/builds/xtensa-esp-elf/xtensa-esp-elf --with-sysroot=/builds/idf/crosstool-NG/builds/xtensa-esp-elf/xtensa-esp-elf --with-native-system-header-dir=/include --with-headers=/builds/idf/crosstool-NG/builds/xtensa-esp-elf/xtensa-esp-elf/include --with-newlib --enable-threads=no --disable-shared --with-pkgversion='crosstool-NG esp-15.2.0_20251204' --disable-__cxa_atexit --enable-cxx-flags='-ffunction-sections -fdata-sections' --disable-libgomp --disable-libmudflap --disable-libmpx --disable-libssp --disable-libquadmath --disable-libquadmath-support --disable-libstdcxx-verbose --with-gmp=/builds/idf/crosstool-NG/.build/xtensa-esp-elf/buildtools --with-mpfr=/builds/idf/crosstool-NG/.build/xtensa-esp-elf/buildtools --with-mpc=/builds/idf/crosstool-NG/.build/xtensa-esp-elf/buildtools --with-isl=/builds/idf/crosstool-NG/.build/xtensa-esp-elf/buildtools --enable-lto --enable-target-optspace --without-long-double-128 --enable-plugin --disable-nls --enable-multiarch --enable-languages=c c++ --disable-libstdcxx-verbose --enable-threads=posix --enable-libstdcxx-time=yes --disable-win32-utf8-manifest]
  ignore line: [Thread model: posix]
  ignore line: [Supported LTO compression algorithms: zlib zstd]
  ignore line: [gcc version 15.2.0 (crosstool-NG esp-15.2.0_20251204) ]
  ignore line: [COMPILER_PATH=/root/.espressif/tools/xtensa-esp-elf/esp-15.2.0_20251204/xtensa-esp-elf/bin/../libexec/gcc/xtensa-esp-elf/15.2.0/:/root/.espressif/tools/xtensa-esp-elf/esp-15.2.0_20251204/xtensa-esp-elf/bin/../libexec/gcc/:/root/.espressif/tools/xtensa-esp-elf/esp-15.2.0_20251204/xtensa-esp-elf/bin/../lib/gcc/xtensa-esp-elf/15.2.0/../../../../xtensa-esp-elf/bin/]
  ignore line: [LIBRARY_PATH=/root/.espressif/tools/xtensa-esp-elf/esp-15.2.0_20251204/xtensa-esp-elf/bin/../lib/gcc/xtensa-esp-elf/15.2.0/esp32/:/root/.espressif/tools/xtensa-esp-elf/esp-15.2.0_20251204/xtensa-esp-elf/bin/../lib/gcc/xtensa-esp-elf/15.2.0/../../../../xtensa-esp-elf/lib/esp32/:/root/.espressif/tools/xtensa-esp-elf/esp-15.2.0_20251204/xtensa-esp-elf/bin/../xtensa-esp-elf/lib/esp32/:/root/.espressif/tools/xtensa-esp-elf/esp-15.2.0_20251204/xtensa-esp-elf/bin/../lib/gcc/xtensa-esp-elf/15.2.0/:/root/.espressif/tools/xtensa-esp-elf/esp-15.2.0_20251204/xtensa-esp-elf/bin/../lib/gcc/:/root/.espressif/tools/xtensa-esp-elf/esp-15.2.0_20251204/xtensa-esp-elf/bin/../lib/gcc/xtensa-esp-elf/15.2.0/../../../../xtensa-esp-elf/lib/:/root/.espressif/tools/xtensa-esp-elf/esp-15.2.0_20251204/xtensa-esp-elf/bin/../xtensa-esp-elf/lib/:/root/.espressif/tools/xtensa-esp-elf/esp-15.2.0_20251204/xtensa-esp-elf/bin/../xtensa-esp-elf/usr/lib/]
  ignore line: [COLLECT_GCC_OPTIONS='-mdynconfig=xtensa_esp32.so' '-specs=/home/olwhistle/dockerNow/esp32/programs/ovs/build/bootloader/specs/picolibc.specs' '-v' '-o' 'cmTC_9d9a9' '-dumpdir' 'cmTC_9d9a9.']
  link line: [ /root/.espressif/tools/xtensa-esp-elf/esp-15.2.0_20251204/xtensa-esp-elf/bin/../libexec/gcc/xtensa-esp-elf/15.2.0/collect2 -plugin /root/.espressif/tools/xtensa-esp-elf/esp-15.2.0_20251204/xtensa-esp-elf/bin/../libexec/gcc/xtensa-esp-elf/15.2.0/liblto_plugin.so -plugin-opt=/root/.espressif/tools/xtensa-esp-elf/esp-15.2.0_20251204/xtensa-esp-elf/bin/../libexec/gcc/xtensa-esp-elf/15.2.0/lto-wrapper -plugin-opt=-fresolution=/tmp/ccbiO2CB.res -plugin-opt=-pass-through=-lgcc -plugin-opt=-pass-through=-lgcc -plugin-opt=-pass-through=-lc -plugin-opt=-pass-through=-lgcc -L/root/.espressif/tools/xtensa-esp-elf/esp-15.2.0_20251204/xtensa-esp-elf/bin/../xtensa-esp-elf/../picolibc/xtensa-esp-elf/lib/esp32 -L/root/.espressif/tools/xtensa-esp-elf/esp-15.2.0_20251204/xtensa-esp-elf/bin/../xtensa-esp-elf/../picolibc/xtensa-esp-elf/lib -Tpicolibc.ld --sysroot=/root/.espressif/tools/xtensa-esp-elf/esp-15.2.0_20251204/xtensa-esp-elf/bin/../xtensa-esp-elf --dynconfig=xtensa_esp32.so -o cmTC_9d9a9 /root/.espressif/tools/xtensa-esp-elf/esp-15.2.0_20251204/xtensa-esp-elf/bin/../xtensa-esp-elf/../picolibc/xtensa-esp-elf/lib/esp32/crt0.o -L/root/.espressif/tools/xtensa-esp-elf/esp-15.2.0_20251204/xtensa-esp-elf/bin/../xtensa-esp-elf/../picolibc/lib/gcc/xtensa-esp-elf/15.2.0/esp32 -L/root/.espressif/tools/xtensa-esp-elf/esp-15.2.0_20251204/xtensa-esp-elf/bin/../xtensa-esp-elf/../picolibc/lib/gcc/xtensa-esp-elf/15.2.0 -L/root/.espressif/tools/xtensa-esp-elf/esp-15.2.0_20251204/xtensa-esp-elf/bin/../lib/gcc/xtensa-esp-elf/15.2.0/esp32 -L/root/.espressif/tools/xtensa-esp-elf/esp-15.2.0_20251204/xtensa-esp-elf/bin/../lib/gcc/xtensa-esp-elf/15.2.0/../../../../xtensa-esp-elf/lib/esp32 -L/root/.espressif/tools/xtensa-esp-elf/esp-15.2.0_20251204/xtensa-esp-elf/bin/../xtensa-esp-elf/lib/esp32 -L/root/.espressif/tools/xtensa-esp-elf/esp-15.2.0_20251204/xtensa-esp-elf/bin/../lib/gcc/xtensa-esp-elf/15.2.0 -L/root/.espressif/tools/xtensa-esp-elf/esp-15.2.0_20251204/xtensa-esp-elf/bin/../lib/gcc -L/root/.espressif/tools/xtensa-esp-elf/esp-15.2.0_20251204/xtensa-esp-elf/bin/../lib/gcc/xtensa-esp-elf/15.2.0/../../../../xtensa-esp-elf/lib -L/root/.espressif/tools/xtensa-esp-elf/esp-15.2.0_20251204/xtensa-esp-elf/bin/../xtensa-esp-elf/lib -L/root/.espressif/tools/xtensa-esp-elf/esp-15.2.0_20251204/xtensa-esp-elf/bin/../xtensa-esp-elf/usr/lib @/tmp/ccFgtpiN -lgcc --start-group -lgcc -lc --end-group -lgcc]
    arg [/root/.espressif/tools/xtensa-esp-elf/esp-15.2.0_20251204/xtensa-esp-elf/bin/../libexec/gcc/xtensa-esp-elf/15.2.0/collect2] ==> ignore
    arg [-plugin] ==> ignore
    arg [/root/.espressif/tools/xtensa-esp-elf/esp-15.2.0_20251204/xtensa-esp-elf/bin/../libexec/gcc/xtensa-esp-elf/15.2.0/liblto_plugin.so] ==> ignore
    arg [-plugin-opt=/root/.espressif/tools/xtensa-esp-elf/esp-15.2.0_20251204/xtensa-esp-elf/bin/../libexec/gcc/xtensa-esp-elf/15.2.0/lto-wrapper] ==> ignore
    arg [-plugin-opt=-fresolution=/tmp/ccbiO2CB.res] ==> ignore
    arg [-plugin-opt=-pass-through=-lgcc] ==> ignore
    arg [-plugin-opt=-pass-through=-lgcc] ==> ignore
    arg [-plugin-opt=-pass-through=-lc] ==> ignore
    arg [-plugin-opt=-pass-through=-lgcc] ==> ignore
    arg [-L/root/.espressif/tools/xtensa-esp-elf/esp-15.2.0_20251204/xtensa-esp-elf/bin/../xtensa-esp-elf/../picolibc/xtensa-esp-elf/lib/esp32] ==> dir [/root/.espressif/tools/xtensa-esp-elf/esp-15.2.0_20251204/xtensa-esp-elf/bin/../xtensa-esp-elf/../picolibc/xtensa-esp-elf/lib/esp32]
    arg [-L/root/.espressif/tools/xtensa-esp-elf/esp-15.2.0_20251204/xtensa-esp-elf/bin/../xtensa-esp-elf/../picolibc/xtensa-esp-elf/lib] ==> dir [/root/.espressif/tools/xtensa-esp-elf/esp-15.2.0_20251204/xtensa-esp-elf/bin/../xtensa-esp-elf/../picolibc/xtensa-esp-elf/lib]
    arg [-Tpicolibc.ld] ==> ignore
    arg [--sysroot=/root/.espressif/tools/xtensa-esp-elf/esp-15.2.0_20251204/xtensa-esp-elf/bin/../xtensa-esp-elf] ==> ignore
    arg [--dynconfig=xtensa_esp32.so] ==> ignore
    arg [-o] ==> ignore
    arg [cmTC_9d9a9] ==> ignore
    arg [/root/.espressif/tools/xtensa-esp-elf/esp-15.2.0_20251204/xtensa-esp-elf/bin/../xtensa-esp-elf/../picolibc/xtensa-esp-elf/lib/esp32/crt0.o] ==> obj [/root/.espressif/tools/xtensa-esp-elf/esp-15.2.0_20251204/xtensa-esp-elf/bin/../xtensa-esp-elf/../picolibc/xtensa-esp-elf/lib/esp32/crt0.o]
    arg [-L/root/.espressif/tools/xtensa-esp-elf/esp-15.2.0_20251204/xtensa-esp-elf/bin/../xtensa-esp-elf/../picolibc/lib/gcc/xtensa-esp-elf/15.2.0/esp32] ==> dir [/root/.espressif/tools/xtensa-esp-elf/esp-15.2.0_20251204/xtensa-esp-elf/bin/../xtensa-esp-elf/../picolibc/lib/gcc/xtensa-esp-elf/15.2.0/esp32]
    arg [-L/root/.espressif/tools/xtensa-esp-elf/esp-15.2.0_20251204/xtensa-esp-elf/bin/../xtensa-esp-elf/../picolibc/lib/gcc/xtensa-esp-elf/15.2.0] ==> dir [/root/.espressif/tools/xtensa-esp-elf/esp-15.2.0_20251204/xtensa-esp-elf/bin/../xtensa-esp-elf/../picolibc/lib/gcc/xtensa-esp-elf/15.2.0]
    arg [-L/root/.espressif/tools/xtensa-esp-elf/esp-15.2.0_20251204/xtensa-esp-elf/bin/../lib/gcc/xtensa-esp-elf/15.2.0/esp32] ==> dir [/root/.espressif/tools/xtensa-esp-elf/esp-15.2.0_20251204/xtensa-esp-elf/bin/../lib/gcc/xtensa-esp-elf/15.2.0/esp32]
    arg [-L/root/.espressif/tools/xtensa-esp-elf/esp-15.2.0_20251204/xtensa-esp-elf/bin/../lib/gcc/xtensa-esp-elf/15.2.0/../../../../xtensa-esp-elf/lib/esp32] ==> dir [/root/.espressif/tools/xtensa-esp-elf/esp-15.2.0_20251204/xtensa-esp-elf/bin/../lib/gcc/xtensa-esp-elf/15.2.0/../../../../xtensa-esp-elf/lib/esp32]
    arg [-L/root/.espressif/tools/xtensa-esp-elf/esp-15.2.0_20251204/xtensa-esp-elf/bin/../xtensa-esp-elf/lib/esp32] ==> dir [/root/.espressif/tools/xtensa-esp-elf/esp-15.2.0_20251204/xtensa-esp-elf/bin/../xtensa-esp-elf/lib/esp32]
    arg [-L/root/.espressif/tools/xtensa-esp-elf/esp-15.2.0_20251204/xtensa-esp-elf/bin/../lib/gcc/xtensa-esp-elf/15.2.0] ==> dir [/root/.espressif/tools/xtensa-esp-elf/esp-15.2.0_20251204/xtensa-esp-elf/bin/../lib/gcc/xtensa-esp-elf/15.2.0]
    arg [-L/root/.espressif/tools/xtensa-esp-elf/esp-15.2.0_20251204/xtensa-esp-elf/bin/../lib/gcc] ==> dir [/root/.espressif/tools/xtensa-esp-elf/esp-15.2.0_20251204/xtensa-esp-elf/bin/../lib/gcc]
    arg [-L/root/.espressif/tools/xtensa-esp-elf/esp-15.2.0_20251204/xtensa-esp-elf/bin/../lib/gcc/xtensa-esp-elf/15.2.0/../../../../xtensa-esp-elf/lib] ==> dir [/root/.espressif/tools/xtensa-esp-elf/esp-15.2.0_20251204/xtensa-esp-elf/bin/../lib/gcc/xtensa-esp-elf/15.2.0/../../../../xtensa-esp-elf/lib]
    arg [-L/root/.espressif/tools/xtensa-esp-elf/esp-15.2.0_20251204/xtensa-esp-elf/bin/../xtensa-esp-elf/lib] ==> dir [/root/.espressif/tools/xtensa-esp-elf/esp-15.2.0_20251204/xtensa-esp-elf/bin/../xtensa-esp-elf/lib]
    arg [-L/root/.espressif/tools/xtensa-esp-elf/esp-15.2.0_20251204/xtensa-esp-elf/bin/../xtensa-esp-elf/usr/lib] ==> dir [/root/.espressif/tools/xtensa-esp-elf/esp-15.2.0_20251204/xtensa-esp-elf/bin/../xtensa-esp-elf/usr/lib]
    arg [@/tmp/ccFgtpiN] ==> ignore
    arg [-lgcc] ==> lib [gcc]
    arg [--start-group] ==> ignore
    arg [-lgcc] ==> lib [gcc]
    arg [-lc] ==> lib [c]
    arg [--end-group] ==> ignore
    arg [-lgcc] ==> lib [gcc]
  collapse obj [/root/.espressif/tools/xtensa-esp-elf/esp-15.2.0_20251204/xtensa-esp-elf/bin/../xtensa-esp-elf/../picolibc/xtensa-esp-elf/lib/esp32/crt0.o] ==> [/root/.espressif/tools/xtensa-esp-elf/esp-15.2.0_20251204/xtensa-esp-elf/picolibc/xtensa-esp-elf/lib/esp32/crt0.o]
  collapse library dir [/root/.espressif/tools/xtensa-esp-elf/esp-15.2.0_20251204/xtensa-esp-elf/bin/../xtensa-esp-elf/../picolibc/xtensa-esp-elf/lib/esp32] ==> [/root/.espressif/tools/xtensa-esp-elf/esp-15.2.0_20251204/xtensa-esp-elf/picolibc/xtensa-esp-elf/lib/esp32]
  collapse library dir [/root/.espressif/tools/xtensa-esp-elf/esp-15.2.0_20251204/xtensa-esp-elf/bin/../xtensa-esp-elf/../picolibc/xtensa-esp-elf/lib] ==> [/root/.espressif/tools/xtensa-esp-elf/esp-15.2.0_20251204/xtensa-esp-elf/picolibc/xtensa-esp-elf/lib]
  collapse library dir [/root/.espressif/tools/xtensa-esp-elf/esp-15.2.0_20251204/xtensa-esp-elf/bin/../xtensa-esp-elf/../picolibc/lib/gcc/xtensa-esp-elf/15.2.0/esp32] ==> [/root/.espressif/tools/xtensa-esp-elf/esp-15.2.0_20251204/xtensa-esp-elf/picolibc/lib/gcc/xtensa-esp-elf/15.2.0/esp32]
  collapse library dir [/root/.espressif/tools/xtensa-esp-elf/esp-15.2.0_20251204/xtensa-esp-elf/bin/../xtensa-esp-elf/../picolibc/lib/gcc/xtensa-esp-elf/15.2.0] ==> [/root/.espressif/tools/xtensa-esp-elf/esp-15.2.0_20251204/xtensa-esp-elf/picolibc/lib/gcc/xtensa-esp-elf/15.2.0]
  collapse library dir [/root/.espressif/tools/xtensa-esp-elf/esp-15.2.0_20251204/xtensa-esp-elf/bin/../lib/gcc/xtensa-esp-elf/15.2.0/esp32] ==> [/root/.espressif/tools/xtensa-esp-elf/esp-15.2.0_20251204/xtensa-esp-elf/lib/gcc/xtensa-esp-elf/15.2.0/esp32]
  collapse library dir [/root/.espressif/tools/xtensa-esp-elf/esp-15.2.0_20251204/xtensa-esp-elf/bin/../lib/gcc/xtensa-esp-elf/15.2.0/../../../../xtensa-esp-elf/lib/esp32] ==> [/root/.espressif/tools/xtensa-esp-elf/esp-15.2.0_20251204/xtensa-esp-elf/xtensa-esp-elf/lib/esp32]
  collapse library dir [/root/.espressif/tools/xtensa-esp-elf/esp-15.2.0_20251204/xtensa-esp-elf/bin/../xtensa-esp-elf/lib/esp32] ==> [/root/.espressif/tools/xtensa-esp-elf/esp-15.2.0_20251204/xtensa-esp-elf/xtensa-esp-elf/lib/esp32]
  collapse library dir [/root/.espressif/tools/xtensa-esp-elf/esp-15.2.0_20251204/xtensa-esp-elf/bin/../lib/gcc/xtensa-esp-elf/15.2.0] ==> [/root/.espressif/tools/xtensa-esp-elf/esp-15.2.0_20251204/xtensa-esp-elf/lib/gcc/xtensa-esp-elf/15.2.0]
  collapse library dir [/root/.espressif/tools/xtensa-esp-elf/esp-15.2.0_20251204/xtensa-esp-elf/bin/../lib/gcc] ==> [/root/.espressif/tools/xtensa-esp-elf/esp-15.2.0_20251204/xtensa-esp-elf/lib/gcc]
  collapse library dir [/root/.espressif/tools/xtensa-esp-elf/esp-15.2.0_20251204/xtensa-esp-elf/bin/../lib/gcc/xtensa-esp-elf/15.2.0/../../../../xtensa-esp-elf/lib] ==> [/root/.espressif/tools/xtensa-esp-elf/esp-15.2.0_20251204/xtensa-esp-elf/xtensa-esp-elf/lib]
  collapse library dir [/root/.espressif/tools/xtensa-esp-elf/esp-15.2.0_20251204/xtensa-esp-elf/bin/../xtensa-esp-elf/lib] ==> [/root/.espressif/tools/xtensa-esp-elf/esp-15.2.0_20251204/xtensa-esp-elf/xtensa-esp-elf/lib]
  collapse library dir [/root/.espressif/tools/xtensa-esp-elf/esp-15.2.0_20251204/xtensa-esp-elf/bin/../xtensa-esp-elf/usr/lib] ==> [/root/.espressif/tools/xtensa-esp-elf/esp-15.2.0_20251204/xtensa-esp-elf/xtensa-esp-elf/usr/lib]
  implicit libs: [gcc;gcc;c;gcc]
  implicit objs: [/root/.espressif/tools/xtensa-esp-elf/esp-15.2.0_20251204/xtensa-esp-elf/picolibc/xtensa-esp-elf/lib/esp32/crt0.o]
  implicit dirs: [/root/.espressif/tools/xtensa-esp-elf/esp-15.2.0_20251204/xtensa-esp-elf/picolibc/xtensa-esp-elf/lib/esp32;/root/.espressif/tools/xtensa-esp-elf/esp-15.2.0_20251204/xtensa-esp-elf/picolibc/xtensa-esp-elf/lib;/root/.espressif/tools/xtensa-esp-elf/esp-15.2.0_20251204/xtensa-esp-elf/picolibc/lib/gcc/xtensa-esp-elf/15.2.0/esp32;/root/.espressif/tools/xtensa-esp-elf/esp-15.2.0_20251204/xtensa-esp-elf/picolibc/lib/gcc/xtensa-esp-elf/15.2.0;/root/.espressif/tools/xtensa-esp-elf/esp-15.2.0_20251204/xtensa-esp-elf/lib/gcc/xtensa-esp-elf/15.2.0/esp32;/root/.espressif/tools/xtensa-esp-elf/esp-15.2.0_20251204/xtensa-esp-elf/xtensa-esp-elf/lib/esp32;/root/.espressif/tools/xtensa-esp-elf/esp-15.2.0_20251204/xtensa-esp-elf/lib/gcc/xtensa-esp-elf/15.2.0;/root/.espressif/tools/xtensa-esp-elf/esp-15.2.0_20251204/xtensa-esp-elf/lib/gcc;/root/.espressif/tools/xtensa-esp-elf/esp-15.2.0_20251204/xtensa-esp-elf/xtensa-esp-elf/lib;/root/.espressif/tools/xtensa-esp-elf/esp-15.2.0_20251204/xtensa-esp-elf/xtensa-esp-elf/usr/lib]
  implicit fwks: []


Detecting CXX compiler ABI info compiled with the following output:
Change Dir: /home/olwhistle/dockerNow/esp32/programs/ovs/build/bootloader/CMakeFiles/CMakeTmp

Run Build Command(s):/usr/bin/gmake -f Makefile cmTC_1e7d1/fast && gmake[3]: Entering directory '/home/olwhistle/dockerNow/esp32/programs/ovs/build/bootloader/CMakeFiles/CMakeTmp'
/usr/bin/gmake  -f CMakeFiles/cmTC_1e7d1.dir/build.make CMakeFiles/cmTC_1e7d1.dir/build
gmake[4]: Entering directory '/home/olwhistle/dockerNow/esp32/programs/ovs/build/bootloader/CMakeFiles/CMakeTmp'
Building CXX object CMakeFiles/cmTC_1e7d1.dir/CMakeCXXCompilerABI.cpp.obj
/root/.espressif/tools/xtensa-esp-elf/esp-15.2.0_20251204/xtensa-esp-elf/bin/xtensa-esp32-elf-g++   @"/home/olwhistle/dockerNow/esp32/programs/ovs/build/bootloader/toolchain/cxxflags"    -v -o CMakeFiles/cmTC_1e7d1.dir/CMakeCXXCompilerABI.cpp.obj -c /usr/share/cmake-3.22/Modules/CMakeCXXCompilerABI.cpp
Using built-in specs.
Reading specs from /home/olwhistle/dockerNow/esp32/programs/ovs/build/bootloader/specs/picolibc.specs
rename spec link to picolibc_link
rename spec link_libgcc to picolibc_link_libgcc
rename spec cpp to picolibc_cpp
rename spec cc1 to picolibc_cc1
rename spec cc1plus to picolibc_cc1plus
COLLECT_GCC=/root/.espressif/tools/xtensa-esp-elf/esp-15.2.0_20251204/xtensa-esp-elf/bin/xtensa-esp-elf-g++
Target: xtensa-esp-elf
Configured with: /builds/idf/crosstool-NG/.build/xtensa-esp-elf/src/gcc/configure --build=x86_64-build_pc-linux-gnu --host=x86_64-build_pc-linux-gnu --target=xtensa-esp-elf --prefix=/builds/idf/crosstool-NG/builds/xtensa-esp-elf --exec_prefix=/builds/idf/crosstool-NG/builds/xtensa-esp-elf --with-local-prefix=/builds/idf/crosstool-NG/builds/xtensa-esp-elf/xtensa-esp-elf --with-sysroot=/builds/idf/crosstool-NG/builds/xtensa-esp-elf/xtensa-esp-elf --with-native-system-header-dir=/include --with-headers=/builds/idf/crosstool-NG/builds/xtensa-esp-elf/xtensa-esp-elf/include --with-newlib --enable-threads=no --disable-shared --with-pkgversion='crosstool-NG esp-15.2.0_20251204' --disable-__cxa_atexit --enable-cxx-flags='-ffunction-sections -fdata-sections' --disable-libgomp --disable-libmudflap --disable-libmpx --disable-libssp --disable-libquadmath --disable-libquadmath-support --disable-libstdcxx-verbose --with-gmp=/builds/idf/crosstool-NG/.build/xtensa-esp-elf/buildtools --with-mpfr=/builds/idf/crosstool-NG/.build/xtensa-esp-elf/buildtools --with-mpc=/builds/idf/crosstool-NG/.build/xtensa-esp-elf/buildtools --with-isl=/builds/idf/crosstool-NG/.build/xtensa-esp-elf/buildtools --enable-lto --enable-target-optspace --without-long-double-128 --enable-plugin --disable-nls --enable-multiarch --enable-languages=c,c++ --disable-libstdcxx-verbose --enable-threads=posix --enable-libstdcxx-time=yes --disable-win32-utf8-manifest
Thread model: posix
Supported LTO compression algorithms: zlib zstd
gcc version 15.2.0 (crosstool-NG esp-15.2.0_20251204) 
COLLECT_GCC_OPTIONS='-mdynconfig=xtensa_esp32.so' '-specs=/home/olwhistle/dockerNow/esp32/programs/ovs/build/bootloader/specs/picolibc.specs' '-v' '-o' 'CMakeFiles/cmTC_1e7d1.dir/CMakeCXXCompilerABI.cpp.obj' '-c' '-dumpdir' 'CMakeFiles/cmTC_1e7d1.dir/'
 /root/.espressif/tools/xtensa-esp-elf/esp-15.2.0_20251204/xtensa-esp-elf/bin/../libexec/gcc/xtensa-esp-elf/15.2.0/cc1plus -quiet -v -imultilib esp32 -iprefix /root/.espressif/tools/xtensa-esp-elf/esp-15.2.0_20251204/xtensa-esp-elf/bin/../lib/gcc/xtensa-esp-elf/15.2.0/ -isysroot /root/.espressif/tools/xtensa-esp-elf/esp-15.2.0_20251204/xtensa-esp-elf/bin/../xtensa-esp-elf /usr/share/cmake-3.22/Modules/CMakeCXXCompilerABI.cpp -ftls-model=local-exec -quiet -dumpdir CMakeFiles/cmTC_1e7d1.dir/ -dumpbase CMakeCXXCompilerABI.cpp.cpp -dumpbase-ext .cpp -mdynconfig=xtensa_esp32.so -version -isystem /root/.espressif/tools/xtensa-esp-elf/esp-15.2.0_20251204/xtensa-esp-elf/bin/../xtensa-esp-elf/../picolibc/include -isystem /root/.espressif/tools/xtensa-esp-elf/esp-15.2.0_20251204/xtensa-esp-elf/bin/../xtensa-esp-elf/../picolibc/include/../xtensa-esp-elf/include/c++/15.2.0/xtensa-esp-elf/esp32 -ftls-model=local-exec -o /tmp/ccWVXvew.s
GNU C++17 (crosstool-NG esp-15.2.0_20251204) version 15.2.0 (xtensa-esp-elf)
	compiled by GNU C version 6.3.0, GMP version 6.3.0, MPFR version 4.2.1, MPC version 1.3.1, isl version isl-0.26-GMP

GGC heuristics: --param ggc-min-expand=100 --param ggc-min-heapsize=131072
ignoring duplicate directory "/root/.espressif/tools/xtensa-esp-elf/esp-15.2.0_20251204/xtensa-esp-elf/bin/../lib/gcc/../../lib/gcc/xtensa-esp-elf/15.2.0/../../../../xtensa-esp-elf/include/c++/15.2.0"
ignoring duplicate directory "/root/.espressif/tools/xtensa-esp-elf/esp-15.2.0_20251204/xtensa-esp-elf/bin/../lib/gcc/../../lib/gcc/xtensa-esp-elf/15.2.0/../../../../xtensa-esp-elf/include/c++/15.2.0/xtensa-esp-elf/esp32"
ignoring duplicate directory "/root/.espressif/tools/xtensa-esp-elf/esp-15.2.0_20251204/xtensa-esp-elf/bin/../lib/gcc/../../lib/gcc/xtensa-esp-elf/15.2.0/../../../../xtensa-esp-elf/include/c++/15.2.0/backward"
ignoring duplicate directory "/root/.espressif/tools/xtensa-esp-elf/esp-15.2.0_20251204/xtensa-esp-elf/bin/../lib/gcc/../../lib/gcc/xtensa-esp-elf/15.2.0/include"
ignoring nonexistent directory "/root/.espressif/tools/xtensa-esp-elf/esp-15.2.0_20251204/xtensa-esp-elf/bin/../xtensa-esp-elf/builds/idf/crosstool-NG/builds/xtensa-esp-elf/xtensa-esp-elf/include"
ignoring duplicate directory "/root/.espressif/tools/xtensa-esp-elf/esp-15.2.0_20251204/xtensa-esp-elf/bin/../lib/gcc/../../lib/gcc/xtensa-esp-elf/15.2.0/include-fixed"
ignoring duplicate directory "/root/.espressif/tools/xtensa-esp-elf/esp-15.2.0_20251204/xtensa-esp-elf/bin/../lib/gcc/../../lib/gcc/xtensa-esp-elf/15.2.0/../../../../xtensa-esp-elf/include"
ignoring duplicate directory "/root/.espressif/tools/xtensa-esp-elf/esp-15.2.0_20251204/xtensa-esp-elf/bin/../xtensa-esp-elf/include"
#include "..." search starts here:
#include <...> search starts here:
 /root/.espressif/tools/xtensa-esp-elf/esp-15.2.0_20251204/xtensa-esp-elf/bin/../xtensa-esp-elf/../picolibc/include
 /root/.espressif/tools/xtensa-esp-elf/esp-15.2.0_20251204/xtensa-esp-elf/bin/../xtensa-esp-elf/../picolibc/include/../xtensa-esp-elf/include/c++/15.2.0/xtensa-esp-elf/esp32
 /root/.espressif/tools/xtensa-esp-elf/esp-15.2.0_20251204/xtensa-esp-elf/bin/../lib/gcc/xtensa-esp-elf/15.2.0/../../../../xtensa-esp-elf/include/c++/15.2.0
 /root/.espressif/tools/xtensa-esp-elf/esp-15.2.0_20251204/xtensa-esp-elf/bin/../lib/gcc/xtensa-esp-elf/15.2.0/../../../../xtensa-esp-elf/include/c++/15.2.0/xtensa-esp-elf/esp32
 /root/.espressif/tools/xtensa-esp-elf/esp-15.2.0_20251204/xtensa-esp-elf/bin/../lib/gcc/xtensa-esp-elf/15.2.0/../../../../xtensa-esp-elf/include/c++/15.2.0/backward
 /root/.espressif/tools/xtensa-esp-elf/esp-15.2.0_20251204/xtensa-esp-elf/bin/../lib/gcc/xtensa-esp-elf/15.2.0/include
 /root/.espressif/tools/xtensa-esp-elf/esp-15.2.0_20251204/xtensa-esp-elf/bin/../lib/gcc/xtensa-esp-elf/15.2.0/include-fixed
 /root/.espressif/tools/xtensa-esp-elf/esp-15.2.0_20251204/xtensa-esp-elf/bin/../lib/gcc/xtensa-esp-elf/15.2.0/../../../../xtensa-esp-elf/include
End of search list.
Compiler executable checksum: ddaf5163ec1d262ade9e7a5c85eeee1b
COLLECT_GCC_OPTIONS='-mdynconfig=xtensa_esp32.so' '-specs=/home/olwhistle/dockerNow/esp32/programs/ovs/build/bootloader/specs/picolibc.specs' '-v' '-o' 'CMakeFiles/cmTC_1e7d1.dir/CMakeCXXCompilerABI.cpp.obj' '-c' '-dumpdir' 'CMakeFiles/cmTC_1e7d1.dir/'
 /root/.espressif/tools/xtensa-esp-elf/esp-15.2.0_20251204/xtensa-esp-elf/bin/../lib/gcc/xtensa-esp-elf/15.2.0/../../../../xtensa-esp-elf/bin/as --traditional-format --dynconfig=xtensa_esp32.so -o CMakeFiles/cmTC_1e7d1.dir/CMakeCXXCompilerABI.cpp.obj /tmp/ccWVXvew.s
COMPILER_PATH=/root/.espressif/tools/xtensa-esp-elf/esp-15.2.0_20251204/xtensa-esp-elf/bin/../libexec/gcc/xtensa-esp-elf/15.2.0/:/root/.espressif/tools/xtensa-esp-elf/esp-15.2.0_20251204/xtensa-esp-elf/bin/../libexec/gcc/:/root/.espressif/tools/xtensa-esp-elf/esp-15.2.0_20251204/xtensa-esp-elf/bin/../lib/gcc/xtensa-esp-elf/15.2.0/../../../../xtensa-esp-elf/bin/
LIBRARY_PATH=/root/.espressif/tools/xtensa-esp-elf/esp-15.2.0_20251204/xtensa-esp-elf/bin/../lib/gcc/xtensa-esp-elf/15.2.0/esp32/:/root/.espressif/tools/xtensa-esp-elf/esp-15.2.0_20251204/xtensa-esp-elf/bin/../lib/gcc/xtensa-esp-elf/15.2.0/../../../../xtensa-esp-elf/lib/esp32/:/root/.espressif/tools/xtensa-esp-elf/esp-15.2.0_20251204/xtensa-esp-elf/bin/../xtensa-esp-elf/lib/esp32/:/root/.espressif/tools/xtensa-esp-elf/esp-15.2.0_20251204/xtensa-esp-elf/bin/../lib/gcc/xtensa-esp-elf/15.2.0/:/root/.espressif/tools/xtensa-esp-elf/esp-15.2.0_20251204/xtensa-esp-elf/bin/../lib/gcc/:/root/.espressif/tools/xtensa-esp-elf/esp-15.2.0_20251204/xtensa-esp-elf/bin/../lib/gcc/xtensa-esp-elf/15.2.0/../../../../xtensa-esp-elf/lib/:/root/.espressif/tools/xtensa-esp-elf/esp-15.2.0_20251204/xtensa-esp-elf/bin/../xtensa-esp-elf/lib/:/root/.espressif/tools/xtensa-esp-elf/esp-15.2.0_20251204/xtensa-esp-elf/bin/../xtensa-esp-elf/usr/lib/
COLLECT_GCC_OPTIONS='-mdynconfig=xtensa_esp32.so' '-specs=/home/olwhistle/dockerNow/esp32/programs/ovs/build/bootloader/specs/picolibc.specs' '-v' '-o' 'CMakeFiles/cmTC_1e7d1.dir/CMakeCXXCompilerABI.cpp.obj' '-c' '-dumpdir' 'CMakeFiles/cmTC_1e7d1.dir/CMakeCXXCompilerABI.cpp.'
Linking CXX executable cmTC_1e7d1
/usr/bin/cmake -E cmake_link_script CMakeFiles/cmTC_1e7d1.dir/link.txt --verbose=1
/root/.espressif/tools/xtensa-esp-elf/esp-15.2.0_20251204/xtensa-esp-elf/bin/xtensa-esp32-elf-g++ @"/home/olwhistle/dockerNow/esp32/programs/ovs/build/bootloader/toolchain/cxxflags"  @"/home/olwhistle/dockerNow/esp32/programs/ovs/build/bootloader/toolchain/ldflags" -v CMakeFiles/cmTC_1e7d1.dir/CMakeCXXCompilerABI.cpp.obj -o cmTC_1e7d1 
Using built-in specs.
Reading specs from /home/olwhistle/dockerNow/esp32/programs/ovs/build/bootloader/specs/picolibc.specs
rename spec link to picolibc_link
rename spec link_libgcc to picolibc_link_libgcc
rename spec cpp to picolibc_cpp
rename spec cc1 to picolibc_cc1
rename spec cc1plus to picolibc_cc1plus
COLLECT_GCC=/root/.espressif/tools/xtensa-esp-elf/esp-15.2.0_20251204/xtensa-esp-elf/bin/xtensa-esp-elf-g++
COLLECT_LTO_WRAPPER=/root/.espressif/tools/xtensa-esp-elf/esp-15.2.0_20251204/xtensa-esp-elf/bin/../libexec/gcc/xtensa-esp-elf/15.2.0/lto-wrapper
Target: xtensa-esp-elf
Configured with: /builds/idf/crosstool-NG/.build/xtensa-esp-elf/src/gcc/configure --build=x86_64-build_pc-linux-gnu --host=x86_64-build_pc-linux-gnu --target=xtensa-esp-elf --prefix=/builds/idf/crosstool-NG/builds/xtensa-esp-elf --exec_prefix=/builds/idf/crosstool-NG/builds/xtensa-esp-elf --with-local-prefix=/builds/idf/crosstool-NG/builds/xtensa-esp-elf/xtensa-esp-elf --with-sysroot=/builds/idf/crosstool-NG/builds/xtensa-esp-elf/xtensa-esp-elf --with-native-system-header-dir=/include --with-headers=/builds/idf/crosstool-NG/builds/xtensa-esp-elf/xtensa-esp-elf/include --with-newlib --enable-threads=no --disable-shared --with-pkgversion='crosstool-NG esp-15.2.0_20251204' --disable-__cxa_atexit --enable-cxx-flags='-ffunction-sections -fdata-sections' --disable-libgomp --disable-libmudflap --disable-libmpx --disable-libssp --disable-libquadmath --disable-libquadmath-support --disable-libstdcxx-verbose --with-gmp=/builds/idf/crosstool-NG/.build/xtensa-esp-elf/buildtools --with-mpfr=/builds/idf/crosstool-NG/.build/xtensa-esp-elf/buildtools --with-mpc=/builds/idf/crosstool-NG/.build/xtensa-esp-elf/buildtools --with-isl=/builds/idf/crosstool-NG/.build/xtensa-esp-elf/buildtools --enable-lto --enable-target-optspace --without-long-double-128 --enable-plugin --disable-nls --enable-multiarch --enable-languages=c,c++ --disable-libstdcxx-verbose --enable-threads=posix --enable-libstdcxx-time=yes --disable-win32-utf8-manifest
Thread model: posix
Supported LTO compression algorithms: zlib zstd
gcc version 15.2.0 (crosstool-NG esp-15.2.0_20251204) 
COMPILER_PATH=/root/.espressif/tools/xtensa-esp-elf/esp-15.2.0_20251204/xtensa-esp-elf/bin/../libexec/gcc/xtensa-esp-elf/15.2.0/:/root/.espressif/tools/xtensa-esp-elf/esp-15.2.0_20251204/xtensa-esp-elf/bin/../libexec/gcc/:/root/.espressif/tools/xtensa-esp-elf/esp-15.2.0_20251204/xtensa-esp-elf/bin/../lib/gcc/xtensa-esp-elf/15.2.0/../../../../xtensa-esp-elf/bin/
LIBRARY_PATH=/root/.espressif/tools/xtensa-esp-elf/esp-15.2.0_20251204/xtensa-esp-elf/bin/../lib/gcc/xtensa-esp-elf/15.2.0/esp32/:/root/.espressif/tools/xtensa-esp-elf/esp-15.2.0_20251204/xtensa-esp-elf/bin/../lib/gcc/xtensa-esp-elf/15.2.0/../../../../xtensa-esp-elf/lib/esp32/:/root/.espressif/tools/xtensa-esp-elf/esp-15.2.0_20251204/xtensa-esp-elf/bin/../xtensa-esp-elf/lib/esp32/:/root/.espressif/tools/xtensa-esp-elf/esp-15.2.0_20251204/xtensa-esp-elf/bin/../lib/gcc/xtensa-esp-elf/15.2.0/:/root/.espressif/tools/xtensa-esp-elf/esp-15.2.0_20251204/xtensa-esp-elf/bin/../lib/gcc/:/root/.espressif/tools/xtensa-esp-elf/esp-15.2.0_20251204/xtensa-esp-elf/bin/../lib/gcc/xtensa-esp-elf/15.2.0/../../../../xtensa-esp-elf/lib/:/root/.espressif/tools/xtensa-esp-elf/esp-15.2.0_20251204/xtensa-esp-elf/bin/../xtensa-esp-elf/lib/:/root/.espressif/tools/xtensa-esp-elf/esp-15.2.0_20251204/xtensa-esp-elf/bin/../xtensa-esp-elf/usr/lib/
COLLECT_GCC_OPTIONS='-mdynconfig=xtensa_esp32.so' '-specs=/home/olwhistle/dockerNow/esp32/programs/ovs/build/bootloader/specs/picolibc.specs' '-v' '-o' 'cmTC_1e7d1' '-dumpdir' 'cmTC_1e7d1.'
 /root/.espressif/tools/xtensa-esp-elf/esp-15.2.0_20251204/xtensa-esp-elf/bin/../libexec/gcc/xtensa-esp-elf/15.2.0/collect2 -plugin /root/.espressif/tools/xtensa-esp-elf/esp-15.2.0_20251204/xtensa-esp-elf/bin/../libexec/gcc/xtensa-esp-elf/15.2.0/liblto_plugin.so -plugin-opt=/root/.espressif/tools/xtensa-esp-elf/esp-15.2.0_20251204/xtensa-esp-elf/bin/../libexec/gcc/xtensa-esp-elf/15.2.0/lto-wrapper -plugin-opt=-fresolution=/tmp/cc5EnFCU.res -plugin-opt=-pass-through=-lgcc -plugin-opt=-pass-through=-lgcc -plugin-opt=-pass-through=-lc -plugin-opt=-pass-through=-lgcc -L/root/.espressif/tools/xtensa-esp-elf/esp-15.2.0_20251204/xtensa-esp-elf/bin/../xtensa-esp-elf/../picolibc/xtensa-esp-elf/lib/esp32 -L/root/.espressif/tools/xtensa-esp-elf/esp-15.2.0_20251204/xtensa-esp-elf/bin/../xtensa-esp-elf/../picolibc/xtensa-esp-elf/lib -Tpicolibc.ld --sysroot=/root/.espressif/tools/xtensa-esp-elf/esp-15.2.0_20251204/xtensa-esp-elf/bin/../xtensa-esp-elf --dynconfig=xtensa_esp32.so -o cmTC_1e7d1 /root/.espressif/tools/xtensa-esp-elf/esp-15.2.0_20251204/xtensa-esp-elf/bin/../xtensa-esp-elf/../picolibc/xtensa-esp-elf/lib/esp32/crt0.o -L/root/.espressif/tools/xtensa-esp-elf/esp-15.2.0_20251204/xtensa-esp-elf/bin/../xtensa-esp-elf/../picolibc/lib/gcc/xtensa-esp-elf/15.2.0/esp32 -L/root/.espressif/tools/xtensa-esp-elf/esp-15.2.0_20251204/xtensa-esp-elf/bin/../xtensa-esp-elf/../picolibc/lib/gcc/xtensa-esp-elf/15.2.0 -L/root/.espressif/tools/xtensa-esp-elf/esp-15.2.0_20251204/xtensa-esp-elf/bin/../lib/gcc/xtensa-esp-elf/15.2.0/esp32 -L/root/.espressif/tools/xtensa-esp-elf/esp-15.2.0_20251204/xtensa-esp-elf/bin/../lib/gcc/xtensa-esp-elf/15.2.0/../../../../xtensa-esp-elf/lib/esp32 -L/root/.espressif/tools/xtensa-esp-elf/esp-15.2.0_20251204/xtensa-esp-elf/bin/../xtensa-esp-elf/lib/esp32 -L/root/.espressif/tools/xtensa-esp-elf/esp-15.2.0_20251204/xtensa-esp-elf/bin/../lib/gcc/xtensa-esp-elf/15.2.0 -L/root/.espressif/tools/xtensa-esp-elf/esp-15.2.0_20251204/xtensa-esp-elf/bin/../lib/gcc -L/root/.espressif/tools/xtensa-esp-elf/esp-15.2.0_20251204/xtensa-esp-elf/bin/../lib/gcc/xtensa-esp-elf/15.2.0/../../../../xtensa-esp-elf/lib -L/root/.espressif/tools/xtensa-esp-elf/esp-15.2.0_20251204/xtensa-esp-elf/bin/../xtensa-esp-elf/lib -L/root/.espressif/tools/xtensa-esp-elf/esp-15.2.0_20251204/xtensa-esp-elf/bin/../xtensa-esp-elf/usr/lib @/tmp/ccbBtukT -lgcc --start-group -lgcc -lc --end-group -lgcc
COLLECT_GCC_OPTIONS='-mdynconfig=xtensa_esp32.so' '-specs=/home/olwhistle/dockerNow/esp32/programs/ovs/build/bootloader/specs/picolibc.specs' '-v' '-o' 'cmTC_1e7d1' '-dumpdir' 'cmTC_1e7d1.'
gmake[4]: Leaving directory '/home/olwhistle/dockerNow/esp32/programs/ovs/build/bootloader/CMakeFiles/CMakeTmp'
gmake[3]: Leaving directory '/home/olwhistle/dockerNow/esp32/programs/ovs/build/bootloader/CMakeFiles/CMakeTmp'



Parsed CXX implicit include dir info from above output: rv=done
  found start of include info
  found start of implicit include info
    add: [/root/.espressif/tools/xtensa-esp-elf/esp-15.2.0_20251204/xtensa-esp-elf/bin/../xtensa-esp-elf/../picolibc/include]
    add: [/root/.espressif/tools/xtensa-esp-elf/esp-15.2.0_20251204/xtensa-esp-elf/bin/../xtensa-esp-elf/../picolibc/include/../xtensa-esp-elf/include/c++/15.2.0/xtensa-esp-elf/esp32]
    add: [/root/.espressif/tools/xtensa-esp-elf/esp-15.2.0_20251204/xtensa-esp-elf/bin/../lib/gcc/xtensa-esp-elf/15.2.0/../../../../xtensa-esp-elf/include/c++/15.2.0]
    add: [/root/.espressif/tools/xtensa-esp-elf/esp-15.2.0_20251204/xtensa-esp-elf/bin/../lib/gcc/xtensa-esp-elf/15.2.0/../../../../xtensa-esp-elf/include/c++/15.2.0/xtensa-esp-elf/esp32]
    add: [/root/.espressif/tools/xtensa-esp-elf/esp-15.2.0_20251204/xtensa-esp-elf/bin/../lib/gcc/xtensa-esp-elf/15.2.0/../../../../xtensa-esp-elf/include/c++/15.2.0/backward]
    add: [/root/.espressif/tools/xtensa-esp-elf/esp-15.2.0_20251204/xtensa-esp-elf/bin/../lib/gcc/xtensa-esp-elf/15.2.0/include]
    add: [/root/.espressif/tools/xtensa-esp-elf/esp-15.2.0_20251204/xtensa-esp-elf/bin/../lib/gcc/xtensa-esp-elf/15.2.0/include-fixed]
    add: [/root/.espressif/tools/xtensa-esp-elf/esp-15.2.0_20251204/xtensa-esp-elf/bin/../lib/gcc/xtensa-esp-elf/15.2.0/../../../../xtensa-esp-elf/include]
  end of search list found
  collapse include dir [/root/.espressif/tools/xtensa-esp-elf/esp-15.2.0_20251204/xtensa-esp-elf/bin/../xtensa-esp-elf/../picolibc/include] ==> [/root/.espressif/tools/xtensa-esp-elf/esp-15.2.0_20251204/xtensa-esp-elf/picolibc/include]
  collapse include dir [/root/.espressif/tools/xtensa-esp-elf/esp-15.2.0_20251204/xtensa-esp-elf/bin/../xtensa-esp-elf/../picolibc/include/../xtensa-esp-elf/include/c++/15.2.0/xtensa-esp-elf/esp32] ==> [/root/.espressif/tools/xtensa-esp-elf/esp-15.2.0_20251204/xtensa-esp-elf/picolibc/xtensa-esp-elf/include/c++/15.2.0/xtensa-esp-elf/esp32]
  collapse include dir [/root/.espressif/tools/xtensa-esp-elf/esp-15.2.0_20251204/xtensa-esp-elf/bin/../lib/gcc/xtensa-esp-elf/15.2.0/../../../../xtensa-esp-elf/include/c++/15.2.0] ==> [/root/.espressif/tools/xtensa-esp-elf/esp-15.2.0_20251204/xtensa-esp-elf/xtensa-esp-elf/include/c++/15.2.0]
  collapse include dir [/root/.espressif/tools/xtensa-esp-elf/esp-15.2.0_20251204/xtensa-esp-elf/bin/../lib/gcc/xtensa-esp-elf/15.2.0/../../../../xtensa-esp-elf/include/c++/15.2.0/xtensa-esp-elf/esp32] ==> [/root/.espressif/tools/xtensa-esp-elf/esp-15.2.0_20251204/xtensa-esp-elf/xtensa-esp-elf/include/c++/15.2.0/xtensa-esp-elf/esp32]
  collapse include dir [/root/.espressif/tools/xtensa-esp-elf/esp-15.2.0_20251204/xtensa-esp-elf/bin/../lib/gcc/xtensa-esp-elf/15.2.0/../../../../xtensa-esp-elf/include/c++/15.2.0/backward] ==> [/root/.espressif/tools/xtensa-esp-elf/esp-15.2.0_20251204/xtensa-esp-elf/xtensa-esp-elf/include/c++/15.2.0/backward]
  collapse include dir [/root/.espressif/tools/xtensa-esp-elf/esp-15.2.0_20251204/xtensa-esp-elf/bin/../lib/gcc/xtensa-esp-elf/15.2.0/include] ==> [/root/.espressif/tools/xtensa-esp-elf/esp-15.2.0_20251204/xtensa-esp-elf/lib/gcc/xtensa-esp-elf/15.2.0/include]
  collapse include dir [/root/.espressif/tools/xtensa-esp-elf/esp-15.2.0_20251204/xtensa-esp-elf/bin/../lib/gcc/xtensa-esp-elf/15.2.0/include-fixed] ==> [/root/.espressif/tools/xtensa-esp-elf/esp-15.2.0_20251204/xtensa-esp-elf/lib/gcc/xtensa-esp-elf/15.2.0/include-fixed]
  collapse include dir [/root/.espressif/tools/xtensa-esp-elf/esp-15.2.0_20251204/xtensa-esp-elf/bin/../lib/gcc/xtensa-esp-elf/15.2.0/../../../../xtensa-esp-elf/include] ==> [/root/.espressif/tools/xtensa-esp-elf/esp-15.2.0_20251204/xtensa-esp-elf/xtensa-esp-elf/include]
  implicit include dirs: [/root/.espressif/tools/xtensa-esp-elf/esp-15.2.0_20251204/xtensa-esp-elf/picolibc/include;/root/.espressif/tools/xtensa-esp-elf/esp-15.2.0_20251204/xtensa-esp-elf/picolibc/xtensa-esp-elf/include/c++/15.2.0/xtensa-esp-elf/esp32;/root/.espressif/tools/xtensa-esp-elf/esp-15.2.0_20251204/xtensa-esp-elf/xtensa-esp-elf/include/c++/15.2.0;/root/.espressif/tools/xtensa-esp-elf/esp-15.2.0_20251204/xtensa-esp-elf/xtensa-esp-elf/include/c++/15.2.0/xtensa-esp-elf/esp32;/root/.espressif/tools/xtensa-esp-elf/esp-15.2.0_20251204/xtensa-esp-elf/xtensa-esp-elf/include/c++/15.2.0/backward;/root/.espressif/tools/xtensa-esp-elf/esp-15.2.0_20251204/xtensa-esp-elf/lib/gcc/xtensa-esp-elf/15.2.0/include;/root/.espressif/tools/xtensa-esp-elf/esp-15.2.0_20251204/xtensa-esp-elf/lib/gcc/xtensa-esp-elf/15.2.0/include-fixed;/root/.espressif/tools/xtensa-esp-elf/esp-15.2.0_20251204/xtensa-esp-elf/xtensa-esp-elf/include]


Parsed CXX implicit link information from above output:
  link line regex: [^( *|.*[/\])(xtensa-esp32-elf-ld|CMAKE_LINK_STARTFILE-NOTFOUND|([^/\]+-)?ld|collect2)[^/\]*( |$)]
  ignore line: [Change Dir: /home/olwhistle/dockerNow/esp32/programs/ovs/build/bootloader/CMakeFiles/CMakeTmp]
  ignore line: []
  ignore line: [Run Build Command(s):/usr/bin/gmake -f Makefile cmTC_1e7d1/fast && gmake[3]: Entering directory '/home/olwhistle/dockerNow/esp32/programs/ovs/build/bootloader/CMakeFiles/CMakeTmp']
  ignore line: [/usr/bin/gmake  -f CMakeFiles/cmTC_1e7d1.dir/build.make CMakeFiles/cmTC_1e7d1.dir/build]
  ignore line: [gmake[4]: Entering directory '/home/olwhistle/dockerNow/esp32/programs/ovs/build/bootloader/CMakeFiles/CMakeTmp']
  ignore line: [Building CXX object CMakeFiles/cmTC_1e7d1.dir/CMakeCXXCompilerABI.cpp.obj]
  ignore line: [/root/.espressif/tools/xtensa-esp-elf/esp-15.2.0_20251204/xtensa-esp-elf/bin/xtensa-esp32-elf-g++   @"/home/olwhistle/dockerNow/esp32/programs/ovs/build/bootloader/toolchain/cxxflags"    -v -o CMakeFiles/cmTC_1e7d1.dir/CMakeCXXCompilerABI.cpp.obj -c /usr/share/cmake-3.22/Modules/CMakeCXXCompilerABI.cpp]
  ignore line: [Using built-in specs.]
  ignore line: [Reading specs from /home/olwhistle/dockerNow/esp32/programs/ovs/build/bootloader/specs/picolibc.specs]
  ignore line: [rename spec link to picolibc_link]
  ignore line: [rename spec link_libgcc to picolibc_link_libgcc]
  ignore line: [rename spec cpp to picolibc_cpp]
  ignore line: [rename spec cc1 to picolibc_cc1]
  ignore line: [rename spec cc1plus to picolibc_cc1plus]
  ignore line: [COLLECT_GCC=/root/.espressif/tools/xtensa-esp-elf/esp-15.2.0_20251204/xtensa-esp-elf/bin/xtensa-esp-elf-g++]
  ignore line: [Target: xtensa-esp-elf]
  ignore line: [Configured with: /builds/idf/crosstool-NG/.build/xtensa-esp-elf/src/gcc/configure --build=x86_64-build_pc-linux-gnu --host=x86_64-build_pc-linux-gnu --target=xtensa-esp-elf --prefix=/builds/idf/crosstool-NG/builds/xtensa-esp-elf --exec_prefix=/builds/idf/crosstool-NG/builds/xtensa-esp-elf --with-local-prefix=/builds/idf/crosstool-NG/builds/xtensa-esp-elf/xtensa-esp-elf --with-sysroot=/builds/idf/crosstool-NG/builds/xtensa-esp-elf/xtensa-esp-elf --with-native-system-header-dir=/include --with-headers=/builds/idf/crosstool-NG/builds/xtensa-esp-elf/xtensa-esp-elf/include --with-newlib --enable-threads=no --disable-shared --with-pkgversion='crosstool-NG esp-15.2.0_20251204' --disable-__cxa_atexit --enable-cxx-flags='-ffunction-sections -fdata-sections' --disable-libgomp --disable-libmudflap --disable-libmpx --disable-libssp --disable-libquadmath --disable-libquadmath-support --disable-libstdcxx-verbose --with-gmp=/builds/idf/crosstool-NG/.build/xtensa-esp-elf/buildtools --with-mpfr=/builds/idf/crosstool-NG/.build/xtensa-esp-elf/buildtools --with-mpc=/builds/idf/crosstool-NG/.build/xtensa-esp-elf/buildtools --with-isl=/builds/idf/crosstool-NG/.build/xtensa-esp-elf/buildtools --enable-lto --enable-target-optspace --without-long-double-128 --enable-plugin --disable-nls --enable-multiarch --enable-languages=c c++ --disable-libstdcxx-verbose --enable-threads=posix --enable-libstdcxx-time=yes --disable-win32-utf8-manifest]
  ignore line: [Thread model: posix]
  ignore line: [Supported LTO compression algorithms: zlib zstd]
  ignore line: [gcc version 15.2.0 (crosstool-NG esp-15.2.0_20251204) ]
  ignore line: [COLLECT_GCC_OPTIONS='-mdynconfig=xtensa_esp32.so' '-specs=/home/olwhistle/dockerNow/esp32/programs/ovs/build/bootloader/specs/picolibc.specs' '-v' '-o' 'CMakeFiles/cmTC_1e7d1.dir/CMakeCXXCompilerABI.cpp.obj' '-c' '-dumpdir' 'CMakeFiles/cmTC_1e7d1.dir/']
  ignore line: [ /root/.espressif/tools/xtensa-esp-elf/esp-15.2.0_20251204/xtensa-esp-elf/bin/../libexec/gcc/xtensa-esp-elf/15.2.0/cc1plus -quiet -v -imultilib esp32 -iprefix /root/.espressif/tools/xtensa-esp-elf/esp-15.2.0_20251204/xtensa-esp-elf/bin/../lib/gcc/xtensa-esp-elf/15.2.0/ -isysroot /root/.espressif/tools/xtensa-esp-elf/esp-15.2.0_20251204/xtensa-esp-elf/bin/../xtensa-esp-elf /usr/share/cmake-3.22/Modules/CMakeCXXCompilerABI.cpp -ftls-model=local-exec -quiet -dumpdir CMakeFiles/cmTC_1e7d1.dir/ -dumpbase CMakeCXXCompilerABI.cpp.cpp -dumpbase-ext .cpp -mdynconfig=xtensa_esp32.so -version -isystem /root/.espressif/tools/xtensa-esp-elf/esp-15.2.0_20251204/xtensa-esp-elf/bin/../xtensa-esp-elf/../picolibc/include -isystem /root/.espressif/tools/xtensa-esp-elf/esp-15.2.0_20251204/xtensa-esp-elf/bin/../xtensa-esp-elf/../picolibc/include/../xtensa-esp-elf/include/c++/15.2.0/xtensa-esp-elf/esp32 -ftls-model=local-exec -o /tmp/ccWVXvew.s]
  ignore line: [GNU C++17 (crosstool-NG esp-15.2.0_20251204) version 15.2.0 (xtensa-esp-elf)]
  ignore line: [	compiled by GNU C version 6.3.0  GMP version 6.3.0  MPFR version 4.2.1  MPC version 1.3.1  isl version isl-0.26-GMP]
  ignore line: []
  ignore line: [GGC heuristics: --param ggc-min-expand=100 --param ggc-min-heapsize=131072]
  ignore line: [ignoring duplicate directory "/root/.espressif/tools/xtensa-esp-elf/esp-15.2.0_20251204/xtensa-esp-elf/bin/../lib/gcc/../../lib/gcc/xtensa-esp-elf/15.2.0/../../../../xtensa-esp-elf/include/c++/15.2.0"]
  ignore line: [ignoring duplicate directory "/root/.espressif/tools/xtensa-esp-elf/esp-15.2.0_20251204/xtensa-esp-elf/bin/../lib/gcc/../../lib/gcc/xtensa-esp-elf/15.2.0/../../../../xtensa-esp-elf/include/c++/15.2.0/xtensa-esp-elf/esp32"]
  ignore line: [ignoring duplicate directory "/root/.espressif/tools/xtensa-esp-elf/esp-15.2.0_20251204/xtensa-esp-elf/bin/../lib/gcc/../../lib/gcc/xtensa-esp-elf/15.2.0/../../../../xtensa-esp-elf/include/c++/15.2.0/backward"]
  ignore line: [ignoring duplicate directory "/root/.espressif/tools/xtensa-esp-elf/esp-15.2.0_20251204/xtensa-esp-elf/bin/../lib/gcc/../../lib/gcc/xtensa-esp-elf/15.2.0/include"]
  ignore line: [ignoring nonexistent directory "/root/.espressif/tools/xtensa-esp-elf/esp-15.2.0_20251204/xtensa-esp-elf/bin/../xtensa-esp-elf/builds/idf/crosstool-NG/builds/xtensa-esp-elf/xtensa-esp-elf/include"]
  ignore line: [ignoring duplicate directory "/root/.espressif/tools/xtensa-esp-elf/esp-15.2.0_20251204/xtensa-esp-elf/bin/../lib/gcc/../../lib/gcc/xtensa-esp-elf/15.2.0/include-fixed"]
  ignore line: [ignoring duplicate directory "/root/.espressif/tools/xtensa-esp-elf/esp-15.2.0_20251204/xtensa-esp-elf/bin/../lib/gcc/../../lib/gcc/xtensa-esp-elf/15.2.0/../../../../xtensa-esp-elf/include"]
  ignore line: [ignoring duplicate directory "/root/.espressif/tools/xtensa-esp-elf/esp-15.2.0_20251204/xtensa-esp-elf/bin/../xtensa-esp-elf/include"]
  ignore line: [#include "..." search starts here:]
  ignore line: [#include <...> search starts here:]
  ignore line: [ /root/.espressif/tools/xtensa-esp-elf/esp-15.2.0_20251204/xtensa-esp-elf/bin/../xtensa-esp-elf/../picolibc/include]
  ignore line: [ /root/.espressif/tools/xtensa-esp-elf/esp-15.2.0_20251204/xtensa-esp-elf/bin/../xtensa-esp-elf/../picolibc/include/../xtensa-esp-elf/include/c++/15.2.0/xtensa-esp-elf/esp32]
  ignore line: [ /root/.espressif/tools/xtensa-esp-elf/esp-15.2.0_20251204/xtensa-esp-elf/bin/../lib/gcc/xtensa-esp-elf/15.2.0/../../../../xtensa-esp-elf/include/c++/15.2.0]
  ignore line: [ /root/.espressif/tools/xtensa-esp-elf/esp-15.2.0_20251204/xtensa-esp-elf/bin/../lib/gcc/xtensa-esp-elf/15.2.0/../../../../xtensa-esp-elf/include/c++/15.2.0/xtensa-esp-elf/esp32]
  ignore line: [ /root/.espressif/tools/xtensa-esp-elf/esp-15.2.0_20251204/xtensa-esp-elf/bin/../lib/gcc/xtensa-esp-elf/15.2.0/../../../../xtensa-esp-elf/include/c++/15.2.0/backward]
  ignore line: [ /root/.espressif/tools/xtensa-esp-elf/esp-15.2.0_20251204/xtensa-esp-elf/bin/../lib/gcc/xtensa-esp-elf/15.2.0/include]
  ignore line: [ /root/.espressif/tools/xtensa-esp-elf/esp-15.2.0_20251204/xtensa-esp-elf/bin/../lib/gcc/xtensa-esp-elf/15.2.0/include-fixed]
  ignore line: [ /root/.espressif/tools/xtensa-esp-elf/esp-15.2.0_20251204/xtensa-esp-elf/bin/../lib/gcc/xtensa-esp-elf/15.2.0/../../../../xtensa-esp-elf/include]
  ignore line: [End of search list.]
  ignore line: [Compiler executable checksum: ddaf5163ec1d262ade9e7a5c85eeee1b]
  ignore line: [COLLECT_GCC_OPTIONS='-mdynconfig=xtensa_esp32.so' '-specs=/home/olwhistle/dockerNow/esp32/programs/ovs/build/bootloader/specs/picolibc.specs' '-v' '-o' 'CMakeFiles/cmTC_1e7d1.dir/CMakeCXXCompilerABI.cpp.obj' '-c' '-dumpdir' 'CMakeFiles/cmTC_1e7d1.dir/']
  ignore line: [ /root/.espressif/tools/xtensa-esp-elf/esp-15.2.0_20251204/xtensa-esp-elf/bin/../lib/gcc/xtensa-esp-elf/15.2.0/../../../../xtensa-esp-elf/bin/as --traditional-format --dynconfig=xtensa_esp32.so -o CMakeFiles/cmTC_1e7d1.dir/CMakeCXXCompilerABI.cpp.obj /tmp/ccWVXvew.s]
  ignore line: [COMPILER_PATH=/root/.espressif/tools/xtensa-esp-elf/esp-15.2.0_20251204/xtensa-esp-elf/bin/../libexec/gcc/xtensa-esp-elf/15.2.0/:/root/.espressif/tools/xtensa-esp-elf/esp-15.2.0_20251204/xtensa-esp-elf/bin/../libexec/gcc/:/root/.espressif/tools/xtensa-esp-elf/esp-15.2.0_20251204/xtensa-esp-elf/bin/../lib/gcc/xtensa-esp-elf/15.2.0/../../../../xtensa-esp-elf/bin/]
  ignore line: [LIBRARY_PATH=/root/.espressif/tools/xtensa-esp-elf/esp-15.2.0_20251204/xtensa-esp-elf/bin/../lib/gcc/xtensa-esp-elf/15.2.0/esp32/:/root/.espressif/tools/xtensa-esp-elf/esp-15.2.0_20251204/xtensa-esp-elf/bin/../lib/gcc/xtensa-esp-elf/15.2.0/../../../../xtensa-esp-elf/lib/esp32/:/root/.espressif/tools/xtensa-esp-elf/esp-15.2.0_20251204/xtensa-esp-elf/bin/../xtensa-esp-elf/lib/esp32/:/root/.espressif/tools/xtensa-esp-elf/esp-15.2.0_20251204/xtensa-esp-elf/bin/../lib/gcc/xtensa-esp-elf/15.2.0/:/root/.espressif/tools/xtensa-esp-elf/esp-15.2.0_20251204/xtensa-esp-elf/bin/../lib/gcc/:/root/.espressif/tools/xtensa-esp-elf/esp-15.2.0_20251204/xtensa-esp-elf/bin/../lib/gcc/xtensa-esp-elf/15.2.0/../../../../xtensa-esp-elf/lib/:/root/.espressif/tools/xtensa-esp-elf/esp-15.2.0_20251204/xtensa-esp-elf/bin/../xtensa-esp-elf/lib/:/root/.espressif/tools/xtensa-esp-elf/esp-15.2.0_20251204/xtensa-esp-elf/bin/../xtensa-esp-elf/usr/lib/]
  ignore line: [COLLECT_GCC_OPTIONS='-mdynconfig=xtensa_esp32.so' '-specs=/home/olwhistle/dockerNow/esp32/programs/ovs/build/bootloader/specs/picolibc.specs' '-v' '-o' 'CMakeFiles/cmTC_1e7d1.dir/CMakeCXXCompilerABI.cpp.obj' '-c' '-dumpdir' 'CMakeFiles/cmTC_1e7d1.dir/CMakeCXXCompilerABI.cpp.']
  ignore line: [Linking CXX executable cmTC_1e7d1]
  ignore line: [/usr/bin/cmake -E cmake_link_script CMakeFiles/cmTC_1e7d1.dir/link.txt --verbose=1]
  ignore line: [/root/.espressif/tools/xtensa-esp-elf/esp-15.2.0_20251204/xtensa-esp-elf/bin/xtensa-esp32-elf-g++ @"/home/olwhistle/dockerNow/esp32/programs/ovs/build/bootloader/toolchain/cxxflags"  @"/home/olwhistle/dockerNow/esp32/programs/ovs/build/bootloader/toolchain/ldflags" -v CMakeFiles/cmTC_1e7d1.dir/CMakeCXXCompilerABI.cpp.obj -o cmTC_1e7d1 ]
  ignore line: [Using built-in specs.]
  ignore line: [Reading specs from /home/olwhistle/dockerNow/esp32/programs/ovs/build/bootloader/specs/picolibc.specs]
  ignore line: [rename spec link to picolibc_link]
  ignore line: [rename spec link_libgcc to picolibc_link_libgcc]
  ignore line: [rename spec cpp to picolibc_cpp]
  ignore line: [rename spec cc1 to picolibc_cc1]
  ignore line: [rename spec cc1plus to picolibc_cc1plus]
  ignore line: [COLLECT_GCC=/root/.espressif/tools/xtensa-esp-elf/esp-15.2.0_20251204/xtensa-esp-elf/bin/xtensa-esp-elf-g++]
  ignore line: [COLLECT_LTO_WRAPPER=/root/.espressif/tools/xtensa-esp-elf/esp-15.2.0_20251204/xtensa-esp-elf/bin/../libexec/gcc/xtensa-esp-elf/15.2.0/lto-wrapper]
  ignore line: [Target: xtensa-esp-elf]
  ignore line: [Configured with: /builds/idf/crosstool-NG/.build/xtensa-esp-elf/src/gcc/configure --build=x86_64-build_pc-linux-gnu --host=x86_64-build_pc-linux-gnu --target=xtensa-esp-elf --prefix=/builds/idf/crosstool-NG/builds/xtensa-esp-elf --exec_prefix=/builds/idf/crosstool-NG/builds/xtensa-esp-elf --with-local-prefix=/builds/idf/crosstool-NG/builds/xtensa-esp-elf/xtensa-esp-elf --with-sysroot=/builds/idf/crosstool-NG/builds/xtensa-esp-elf/xtensa-esp-elf --with-native-system-header-dir=/include --with-headers=/builds/idf/crosstool-NG/builds/xtensa-esp-elf/xtensa-esp-elf/include --with-newlib --enable-threads=no --disable-shared --with-pkgversion='crosstool-NG esp-15.2.0_20251204' --disable-__cxa_atexit --enable-cxx-flags='-ffunction-sections -fdata-sections' --disable-libgomp --disable-libmudflap --disable-libmpx --disable-libssp --disable-libquadmath --disable-libquadmath-support --disable-libstdcxx-verbose --with-gmp=/builds/idf/crosstool-NG/.build/xtensa-esp-elf/buildtools --with-mpfr=/builds/idf/crosstool-NG/.build/xtensa-esp-elf/buildtools --with-mpc=/builds/idf/crosstool-NG/.build/xtensa-esp-elf/buildtools --with-isl=/builds/idf/crosstool-NG/.build/xtensa-esp-elf/buildtools --enable-lto --enable-target-optspace --without-long-double-128 --enable-plugin --disable-nls --enable-multiarch --enable-languages=c c++ --disable-libstdcxx-verbose --enable-threads=posix --enable-libstdcxx-time=yes --disable-win32-utf8-manifest]
  ignore line: [Thread model: posix]
  ignore line: [Supported LTO compression algorithms: zlib zstd]
  ignore line: [gcc version 15.2.0 (crosstool-NG esp-15.2.0_20251204) ]
  ignore line: [COMPILER_PATH=/root/.espressif/tools/xtensa-esp-elf/esp-15.2.0_20251204/xtensa-esp-elf/bin/../libexec/gcc/xtensa-esp-elf/15.2.0/:/root/.espressif/tools/xtensa-esp-elf/esp-15.2.0_20251204/xtensa-esp-elf/bin/../libexec/gcc/:/root/.espressif/tools/xtensa-esp-elf/esp-15.2.0_20251204/xtensa-esp-elf/bin/../lib/gcc/xtensa-esp-elf/15.2.0/../../../../xtensa-esp-elf/bin/]
  ignore line: [LIBRARY_PATH=/root/.espressif/tools/xtensa-esp-elf/esp-15.2.0_20251204/xtensa-esp-elf/bin/../lib/gcc/xtensa-esp-elf/15.2.0/esp32/:/root/.espressif/tools/xtensa-esp-elf/esp-15.2.0_20251204/xtensa-esp-elf/bin/../lib/gcc/xtensa-esp-elf/15.2.0/../../../../xtensa-esp-elf/lib/esp32/:/root/.espressif/tools/xtensa-esp-elf/esp-15.2.0_20251204/xtensa-esp-elf/bin/../xtensa-esp-elf/lib/esp32/:/root/.espressif/tools/xtensa-esp-elf/esp-15.2.0_20251204/xtensa-esp-elf/bin/../lib/gcc/xtensa-esp-elf/15.2.0/:/root/.espressif/tools/xtensa-esp-elf/esp-15.2.0_20251204/xtensa-esp-elf/bin/../lib/gcc/:/root/.espressif/tools/xtensa-esp-elf/esp-15.2.0_20251204/xtensa-esp-elf/bin/../lib/gcc/xtensa-esp-elf/15.2.0/../../../../xtensa-esp-elf/lib/:/root/.espressif/tools/xtensa-esp-elf/esp-15.2.0_20251204/xtensa-esp-elf/bin/../xtensa-esp-elf/lib/:/root/.espressif/tools/xtensa-esp-elf/esp-15.2.0_20251204/xtensa-esp-elf/bin/../xtensa-esp-elf/usr/lib/]
  ignore line: [COLLECT_GCC_OPTIONS='-mdynconfig=xtensa_esp32.so' '-specs=/home/olwhistle/dockerNow/esp32/programs/ovs/build/bootloader/specs/picolibc.specs' '-v' '-o' 'cmTC_1e7d1' '-dumpdir' 'cmTC_1e7d1.']
  link line: [ /root/.espressif/tools/xtensa-esp-elf/esp-15.2.0_20251204/xtensa-esp-elf/bin/../libexec/gcc/xtensa-esp-elf/15.2.0/collect2 -plugin /root/.espressif/tools/xtensa-esp-elf/esp-15.2.0_20251204/xtensa-esp-elf/bin/../libexec/gcc/xtensa-esp-elf/15.2.0/liblto_plugin.so -plugin-opt=/root/.espressif/tools/xtensa-esp-elf/esp-15.2.0_20251204/xtensa-esp-elf/bin/../libexec/gcc/xtensa-esp-elf/15.2.0/lto-wrapper -plugin-opt=-fresolution=/tmp/cc5EnFCU.res -plugin-opt=-pass-through=-lgcc -plugin-opt=-pass-through=-lgcc -plugin-opt=-pass-through=-lc -plugin-opt=-pass-through=-lgcc -L/root/.espressif/tools/xtensa-esp-elf/esp-15.2.0_20251204/xtensa-esp-elf/bin/../xtensa-esp-elf/../picolibc/xtensa-esp-elf/lib/esp32 -L/root/.espressif/tools/xtensa-esp-elf/esp-15.2.0_20251204/xtensa-esp-elf/bin/../xtensa-esp-elf/../picolibc/xtensa-esp-elf/lib -Tpicolibc.ld --sysroot=/root/.espressif/tools/xtensa-esp-elf/esp-15.2.0_20251204/xtensa-esp-elf/bin/../xtensa-esp-elf --dynconfig=xtensa_esp32.so -o cmTC_1e7d1 /root/.espressif/tools/xtensa-esp-elf/esp-15.2.0_20251204/xtensa-esp-elf/bin/../xtensa-esp-elf/../picolibc/xtensa-esp-elf/lib/esp32/crt0.o -L/root/.espressif/tools/xtensa-esp-elf/esp-15.2.0_20251204/xtensa-esp-elf/bin/../xtensa-esp-elf/../picolibc/lib/gcc/xtensa-esp-elf/15.2.0/esp32 -L/root/.espressif/tools/xtensa-esp-elf/esp-15.2.0_20251204/xtensa-esp-elf/bin/../xtensa-esp-elf/../picolibc/lib/gcc/xtensa-esp-elf/15.2.0 -L/root/.espressif/tools/xtensa-esp-elf/esp-15.2.0_20251204/xtensa-esp-elf/bin/../lib/gcc/xtensa-esp-elf/15.2.0/esp32 -L/root/.espressif/tools/xtensa-esp-elf/esp-15.2.0_20251204/xtensa-esp-elf/bin/../lib/gcc/xtensa-esp-elf/15.2.0/../../../../xtensa-esp-elf/lib/esp32 -L/root/.espressif/tools/xtensa-esp-elf/esp-15.2.0_20251204/xtensa-esp-elf/bin/../xtensa-esp-elf/lib/esp32 -L/root/.espressif/tools/xtensa-esp-elf/esp-15.2.0_20251204/xtensa-esp-elf/bin/../lib/gcc/xtensa-esp-elf/15.2.0 -L/root/.espressif/tools/xtensa-esp-elf/esp-15.2.0_20251204/xtensa-esp-elf/bin/../lib/gcc -L/root/.espressif/tools/xtensa-esp-elf/esp-15.2.0_20251204/xtensa-esp-elf/bin/../lib/gcc/xtensa-esp-elf/15.2.0/../../../../xtensa-esp-elf/lib -L/root/.espressif/tools/xtensa-esp-elf/esp-15.2.0_20251204/xtensa-esp-elf/bin/../xtensa-esp-elf/lib -L/root/.espressif/tools/xtensa-esp-elf/esp-15.2.0_20251204/xtensa-esp-elf/bin/../xtensa-esp-elf/usr/lib @/tmp/ccbBtukT -lgcc --start-group -lgcc -lc --end-group -lgcc]
    arg [/root/.espressif/tools/xtensa-esp-elf/esp-15.2.0_20251204/xtensa-esp-elf/bin/../libexec/gcc/xtensa-esp-elf/15.2.0/collect2] ==> ignore
    arg [-plugin] ==> ignore
    arg [/root/.espressif/tools/xtensa-esp-elf/esp-15.2.0_20251204/xtensa-esp-elf/bin/../libexec/gcc/xtensa-esp-elf/15.2.0/liblto_plugin.so] ==> ignore
    arg [-plugin-opt=/root/.espressif/tools/xtensa-esp-elf/esp-15.2.0_20251204/xtensa-esp-elf/bin/../libexec/gcc/xtensa-esp-elf/15.2.0/lto-wrapper] ==> ignore
    arg [-plugin-opt=-fresolution=/tmp/cc5EnFCU.res] ==> ignore
    arg [-plugin-opt=-pass-through=-lgcc] ==> ignore
    arg [-plugin-opt=-pass-through=-lgcc] ==> ignore
    arg [-plugin-opt=-pass-through=-lc] ==> ignore
    arg [-plugin-opt=-pass-through=-lgcc] ==> ignore
    arg [-L/root/.espressif/tools/xtensa-esp-elf/esp-15.2.0_20251204/xtensa-esp-elf/bin/../xtensa-esp-elf/../picolibc/xtensa-esp-elf/lib/esp32] ==> dir [/root/.espressif/tools/xtensa-esp-elf/esp-15.2.0_20251204/xtensa-esp-elf/bin/../xtensa-esp-elf/../picolibc/xtensa-esp-elf/lib/esp32]
    arg [-L/root/.espressif/tools/xtensa-esp-elf/esp-15.2.0_20251204/xtensa-esp-elf/bin/../xtensa-esp-elf/../picolibc/xtensa-esp-elf/lib] ==> dir [/root/.espressif/tools/xtensa-esp-elf/esp-15.2.0_20251204/xtensa-esp-elf/bin/../xtensa-esp-elf/../picolibc/xtensa-esp-elf/lib]
    arg [-Tpicolibc.ld] ==> ignore
    arg [--sysroot=/root/.espressif/tools/xtensa-esp-elf/esp-15.2.0_20251204/xtensa-esp-elf/bin/../xtensa-esp-elf] ==> ignore
    arg [--dynconfig=xtensa_esp32.so] ==> ignore
    arg [-o] ==> ignore
    arg [cmTC_1e7d1] ==> ignore
    arg [/root/.espressif/tools/xtensa-esp-elf/esp-15.2.0_20251204/xtensa-esp-elf/bin/../xtensa-esp-elf/../picolibc/xtensa-esp-elf/lib/esp32/crt0.o] ==> obj [/root/.espressif/tools/xtensa-esp-elf/esp-15.2.0_20251204/xtensa-esp-elf/bin/../xtensa-esp-elf/../picolibc/xtensa-esp-elf/lib/esp32/crt0.o]
    arg [-L/root/.espressif/tools/xtensa-esp-elf/esp-15.2.0_20251204/xtensa-esp-elf/bin/../xtensa-esp-elf/../picolibc/lib/gcc/xtensa-esp-elf/15.2.0/esp32] ==> dir [/root/.espressif/tools/xtensa-esp-elf/esp-15.2.0_20251204/xtensa-esp-elf/bin/../xtensa-esp-elf/../picolibc/lib/gcc/xtensa-esp-elf/15.2.0/esp32]
    arg [-L/root/.espressif/tools/xtensa-esp-elf/esp-15.2.0_20251204/xtensa-esp-elf/bin/../xtensa-esp-elf/../picolibc/lib/gcc/xtensa-esp-elf/15.2.0] ==> dir [/root/.espressif/tools/xtensa-esp-elf/esp-15.2.0_20251204/xtensa-esp-elf/bin/../xtensa-esp-elf/../picolibc/lib/gcc/xtensa-esp-elf/15.2.0]
    arg [-L/root/.espressif/tools/xtensa-esp-elf/esp-15.2.0_20251204/xtensa-esp-elf/bin/../lib/gcc/xtensa-esp-elf/15.2.0/esp32] ==> dir [/root/.espressif/tools/xtensa-esp-elf/esp-15.2.0_20251204/xtensa-esp-elf/bin/../lib/gcc/xtensa-esp-elf/15.2.0/esp32]
    arg [-L/root/.espressif/tools/xtensa-esp-elf/esp-15.2.0_20251204/xtensa-esp-elf/bin/../lib/gcc/xtensa-esp-elf/15.2.0/../../../../xtensa-esp-elf/lib/esp32] ==> dir [/root/.espressif/tools/xtensa-esp-elf/esp-15.2.0_20251204/xtensa-esp-elf/bin/../lib/gcc/xtensa-esp-elf/15.2.0/../../../../xtensa-esp-elf/lib/esp32]
    arg [-L/root/.espressif/tools/xtensa-esp-elf/esp-15.2.0_20251204/xtensa-esp-elf/bin/../xtensa-esp-elf/lib/esp32] ==> dir [/root/.espressif/tools/xtensa-esp-elf/esp-15.2.0_20251204/xtensa-esp-elf/bin/../xtensa-esp-elf/lib/esp32]
    arg [-L/root/.espressif/tools/xtensa-esp-elf/esp-15.2.0_20251204/xtensa-esp-elf/bin/../lib/gcc/xtensa-esp-elf/15.2.0] ==> dir [/root/.espressif/tools/xtensa-esp-elf/esp-15.2.0_20251204/xtensa-esp-elf/bin/../lib/gcc/xtensa-esp-elf/15.2.0]
    arg [-L/root/.espressif/tools/xtensa-esp-elf/esp-15.2.0_20251204/xtensa-esp-elf/bin/../lib/gcc] ==> dir [/root/.espressif/tools/xtensa-esp-elf/esp-15.2.0_20251204/xtensa-esp-elf/bin/../lib/gcc]
    arg [-L/root/.espressif/tools/xtensa-esp-elf/esp-15.2.0_20251204/xtensa-esp-elf/bin/../lib/gcc/xtensa-esp-elf/15.2.0/../../../../xtensa-esp-elf/lib] ==> dir [/root/.espressif/tools/xtensa-esp-elf/esp-15.2.0_20251204/xtensa-esp-elf/bin/../lib/gcc/xtensa-esp-elf/15.2.0/../../../../xtensa-esp-elf/lib]
    arg [-L/root/.espressif/tools/xtensa-esp-elf/esp-15.2.0_20251204/xtensa-esp-elf/bin/../xtensa-esp-elf/lib] ==> dir [/root/.espressif/tools/xtensa-esp-elf/esp-15.2.0_20251204/xtensa-esp-elf/bin/../xtensa-esp-elf/lib]
    arg [-L/root/.espressif/tools/xtensa-esp-elf/esp-15.2.0_20251204/xtensa-esp-elf/bin/../xtensa-esp-elf/usr/lib] ==> dir [/root/.espressif/tools/xtensa-esp-elf/esp-15.2.0_20251204/xtensa-esp-elf/bin/../xtensa-esp-elf/usr/lib]
    arg [@/tmp/ccbBtukT] ==> ignore
    arg [-lgcc] ==> lib [gcc]
    arg [--start-group] ==> ignore
    arg [-lgcc] ==> lib [gcc]
    arg [-lc] ==> lib [c]
    arg [--end-group] ==> ignore
    arg [-lgcc] ==> lib [gcc]
  collapse obj [/root/.espressif/tools/xtensa-esp-elf/esp-15.2.0_20251204/xtensa-esp-elf/bin/../xtensa-esp-elf/../picolibc/xtensa-esp-elf/lib/esp32/crt0.o] ==> [/root/.espressif/tools/xtensa-esp-elf/esp-15.2.0_20251204/xtensa-esp-elf/picolibc/xtensa-esp-elf/lib/esp32/crt0.o]
  collapse library dir [/root/.espressif/tools/xtensa-esp-elf/esp-15.2.0_20251204/xtensa-esp-elf/bin/../xtensa-esp-elf/../picolibc/xtensa-esp-elf/lib/esp32] ==> [/root/.espressif/tools/xtensa-esp-elf/esp-15.2.0_20251204/xtensa-esp-elf/picolibc/xtensa-esp-elf/lib/esp32]
  collapse library dir [/root/.espressif/tools/xtensa-esp-elf/esp-15.2.0_20251204/xtensa-esp-elf/bin/../xtensa-esp-elf/../picolibc/xtensa-esp-elf/lib] ==> [/root/.espressif/tools/xtensa-esp-elf/esp-15.2.0_20251204/xtensa-esp-elf/picolibc/xtensa-esp-elf/lib]
  collapse library dir [/root/.espressif/tools/xtensa-esp-elf/esp-15.2.0_20251204/xtensa-esp-elf/bin/../xtensa-esp-elf/../picolibc/lib/gcc/xtensa-esp-elf/15.2.0/esp32] ==> [/root/.espressif/tools/xtensa-esp-elf/esp-15.2.0_20251204/xtensa-esp-elf/picolibc/lib/gcc/xtensa-esp-elf/15.2.0/esp32]
  collapse library dir [/root/.espressif/tools/xtensa-esp-elf/esp-15.2.0_20251204/xtensa-esp-elf/bin/../xtensa-esp-elf/../picolibc/lib/gcc/xtensa-esp-elf/15.2.0] ==> [/root/.espressif/tools/xtensa-esp-elf/esp-15.2.0_20251204/xtensa-esp-elf/picolibc/lib/gcc/xtensa-esp-elf/15.2.0]
  collapse library dir [/root/.espressif/tools/xtensa-esp-elf/esp-15.2.0_20251204/xtensa-esp-elf/bin/../lib/gcc/xtensa-esp-elf/15.2.0/esp32] ==> [/root/.espressif/tools/xtensa-esp-elf/esp-15.2.0_20251204/xtensa-esp-elf/lib/gcc/xtensa-esp-elf/15.2.0/esp32]
  collapse library dir [/root/.espressif/tools/xtensa-esp-elf/esp-15.2.0_20251204/xtensa-esp-elf/bin/../lib/gcc/xtensa-esp-elf/15.2.0/../../../../xtensa-esp-elf/lib/esp32] ==> [/root/.espressif/tools/xtensa-esp-elf/esp-15.2.0_20251204/xtensa-esp-elf/xtensa-esp-elf/lib/esp32]
  collapse library dir [/root/.espressif/tools/xtensa-esp-elf/esp-15.2.0_20251204/xtensa-esp-elf/bin/../xtensa-esp-elf/lib/esp32] ==> [/root/.espressif/tools/xtensa-esp-elf/esp-15.2.0_20251204/xtensa-esp-elf/xtensa-esp-elf/lib/esp32]
  collapse library dir [/root/.espressif/tools/xtensa-esp-elf/esp-15.2.0_20251204/xtensa-esp-elf/bin/../lib/gcc/xtensa-esp-elf/15.2.0] ==> [/root/.espressif/tools/xtensa-esp-elf/esp-15.2.0_20251204/xtensa-esp-elf/lib/gcc/xtensa-esp-elf/15.2.0]
  collapse library dir [/root/.espressif/tools/xtensa-esp-elf/esp-15.2.0_20251204/xtensa-esp-elf/bin/../lib/gcc] ==> [/root/.espressif/tools/xtensa-esp-elf/esp-15.2.0_20251204/xtensa-esp-elf/lib/gcc]
  collapse library dir [/root/.espressif/tools/xtensa-esp-elf/esp-15.2.0_20251204/xtensa-esp-elf/bin/../lib/gcc/xtensa-esp-elf/15.2.0/../../../../xtensa-esp-elf/lib] ==> [/root/.espressif/tools/xtensa-esp-elf/esp-15.2.0_20251204/xtensa-esp-elf/xtensa-esp-elf/lib]
  collapse library dir [/root/.espressif/tools/xtensa-esp-elf/esp-15.2.0_20251204/xtensa-esp-elf/bin/../xtensa-esp-elf/lib] ==> [/root/.espressif/tools/xtensa-esp-elf/esp-15.2.0_20251204/xtensa-esp-elf/xtensa-esp-elf/lib]
  collapse library dir [/root/.espressif/tools/xtensa-esp-elf/esp-15.2.0_20251204/xtensa-esp-elf/bin/../xtensa-esp-elf/usr/lib] ==> [/root/.espressif/tools/xtensa-esp-elf/esp-15.2.0_20251204/xtensa-esp-elf/xtensa-esp-elf/usr/lib]
  implicit libs: [gcc;gcc;c;gcc]
  implicit objs: [/root/.espressif/tools/xtensa-esp-elf/esp-15.2.0_20251204/xtensa-esp-elf/picolibc/xtensa-esp-elf/lib/esp32/crt0.o]
  implicit dirs: [/root/.espressif/tools/xtensa-esp-elf/esp-15.2.0_20251204/xtensa-esp-elf/picolibc/xtensa-esp-elf/lib/esp32;/root/.espressif/tools/xtensa-esp-elf/esp-15.2.0_20251204/xtensa-esp-elf/picolibc/xtensa-esp-elf/lib;/root/.espressif/tools/xtensa-esp-elf/esp-15.2.0_20251204/xtensa-esp-elf/picolibc/lib/gcc/xtensa-esp-elf/15.2.0/esp32;/root/.espressif/tools/xtensa-esp-elf/esp-15.2.0_20251204/xtensa-esp-elf/picolibc/lib/gcc/xtensa-esp-elf/15.2.0;/root/.espressif/tools/xtensa-esp-elf/esp-15.2.0_20251204/xtensa-esp-elf/lib/gcc/xtensa-esp-elf/15.2.0/esp32;/root/.espressif/tools/xtensa-esp-elf/esp-15.2.0_20251204/xtensa-esp-elf/xtensa-esp-elf/lib/esp32;/root/.espressif/tools/xtensa-esp-elf/esp-15.2.0_20251204/xtensa-esp-elf/lib/gcc/xtensa-esp-elf/15.2.0;/root/.espressif/tools/xtensa-esp-elf/esp-15.2.0_20251204/xtensa-esp-elf/lib/gcc;/root/.espressif/tools/xtensa-esp-elf/esp-15.2.0_20251204/xtensa-esp-elf/xtensa-esp-elf/lib;/root/.espressif/tools/xtensa-esp-elf/esp-15.2.0_20251204/xtensa-esp-elf/xtensa-esp-elf/usr/lib]
  implicit fwks: []


Detecting C compiler ABI info compiled with the following output:
Change Dir: /home/olwhistle/dockerNow/esp32/programs/ovs/build/bootloader/CMakeFiles/CMakeTmp

Run Build Command(s):/usr/bin/gmake -f Makefile cmTC_6eaa8/fast && gmake[3]: Entering directory '/home/olwhistle/dockerNow/esp32/programs/ovs/build/bootloader/CMakeFiles/CMakeTmp'
/usr/bin/gmake  -f CMakeFiles/cmTC_6eaa8.dir/build.make CMakeFiles/cmTC_6eaa8.dir/build
gmake[4]: Entering directory '/home/olwhistle/dockerNow/esp32/programs/ovs/build/bootloader/CMakeFiles/CMakeTmp'
Building C object CMakeFiles/cmTC_6eaa8.dir/CMakeCCompilerABI.c.obj
/root/.espressif/tools/xtensa-esp-elf/esp-15.2.0_20251204/xtensa-esp-elf/bin/xtensa-esp32-elf-gcc   @"/home/olwhistle/dockerNow/esp32/programs/ovs/build/bootloader/toolchain/cflags"    -v -o CMakeFiles/cmTC_6eaa8.dir/CMakeCCompilerABI.c.obj -c /usr/share/cmake-3.22/Modules/CMakeCCompilerABI.c
Using built-in specs.
Reading specs from /home/olwhistle/dockerNow/esp32/programs/ovs/build/bootloader/specs/picolibc.specs
rename spec link to picolibc_link
rename spec link_libgcc to picolibc_link_libgcc
rename spec cpp to picolibc_cpp
rename spec cc1 to picolibc_cc1
rename spec cc1plus to picolibc_cc1plus
COLLECT_GCC=/root/.espressif/tools/xtensa-esp-elf/esp-15.2.0_20251204/xtensa-esp-elf/bin/xtensa-esp-elf-gcc
Target: xtensa-esp-elf
Configured with: /builds/idf/crosstool-NG/.build/xtensa-esp-elf/src/gcc/configure --build=x86_64-build_pc-linux-gnu --host=x86_64-build_pc-linux-gnu --target=xtensa-esp-elf --prefix=/builds/idf/crosstool-NG/builds/xtensa-esp-elf --exec_prefix=/builds/idf/crosstool-NG/builds/xtensa-esp-elf --with-local-prefix=/builds/idf/crosstool-NG/builds/xtensa-esp-elf/xtensa-esp-elf --with-sysroot=/builds/idf/crosstool-NG/builds/xtensa-esp-elf/xtensa-esp-elf --with-native-system-header-dir=/include --with-headers=/builds/idf/crosstool-NG/builds/xtensa-esp-elf/xtensa-esp-elf/include --with-newlib --enable-threads=no --disable-shared --with-pkgversion='crosstool-NG esp-15.2.0_20251204' --disable-__cxa_atexit --enable-cxx-flags='-ffunction-sections -fdata-sections' --disable-libgomp --disable-libmudflap --disable-libmpx --disable-libssp --disable-libquadmath --disable-libquadmath-support --disable-libstdcxx-verbose --with-gmp=/builds/idf/crosstool-NG/.build/xtensa-esp-elf/buildtools --with-mpfr=/builds/idf/crosstool-NG/.build/xtensa-esp-elf/buildtools --with-mpc=/builds/idf/crosstool-NG/.build/xtensa-esp-elf/buildtools --with-isl=/builds/idf/crosstool-NG/.build/xtensa-esp-elf/buildtools --enable-lto --enable-target-optspace --without-long-double-128 --enable-plugin --disable-nls --enable-multiarch --enable-languages=c,c++ --disable-libstdcxx-verbose --enable-threads=posix --enable-libstdcxx-time=yes --disable-win32-utf8-manifest
Thread model: posix
Supported LTO compression algorithms: zlib zstd
gcc version 15.2.0 (crosstool-NG esp-15.2.0_20251204) 
COLLECT_GCC_OPTIONS='-mdynconfig=xtensa_esp32.so' '-specs=/home/olwhistle/dockerNow/esp32/programs/ovs/build/bootloader/specs/picolibc.specs' '-Wno-frame-address' '-mlongcalls' '-fno-builtin-memcpy' '-fno-builtin-memset' '-fno-builtin-bzero' '-v' '-o' 'CMakeFiles/cmTC_6eaa8.dir/CMakeCCompilerABI.c.obj' '-c' '-dumpdir' 'CMakeFiles/cmTC_6eaa8.dir/'
 /root/.espressif/tools/xtensa-esp-elf/esp-15.2.0_20251204/xtensa-esp-elf/bin/../libexec/gcc/xtensa-esp-elf/15.2.0/cc1 -quiet -v -imultilib esp32 -iprefix /root/.espressif/tools/xtensa-esp-elf/esp-15.2.0_20251204/xtensa-esp-elf/bin/../lib/gcc/xtensa-esp-elf/15.2.0/ -isysroot /root/.espressif/tools/xtensa-esp-elf/esp-15.2.0_20251204/xtensa-esp-elf/bin/../xtensa-esp-elf -isystem /root/.espressif/tools/xtensa-esp-elf/esp-15.2.0_20251204/xtensa-esp-elf/bin/../xtensa-esp-elf/../picolibc/include -isystem /root/.espressif/tools/xtensa-esp-elf/esp-15.2.0_20251204/xtensa-esp-elf/bin/../xtensa-esp-elf/../picolibc/include/../xtensa-esp-elf/include/c++/15.2.0/xtensa-esp-elf/esp32 /usr/share/cmake-3.22/Modules/CMakeCCompilerABI.c -ftls-model=local-exec -quiet -dumpdir CMakeFiles/cmTC_6eaa8.dir/ -dumpbase CMakeCCompilerABI.c.c -dumpbase-ext .c -mdynconfig=xtensa_esp32.so -mlongcalls -Wno-frame-address -version -fno-builtin-memcpy -fno-builtin-memset -fno-builtin-bzero -o /tmp/ccQU9fi0.s
GNU C23 (crosstool-NG esp-15.2.0_20251204) version 15.2.0 (xtensa-esp-elf)
	compiled by GNU C version 6.3.0, GMP version 6.3.0, MPFR version 4.2.1, MPC version 1.3.1, isl version isl-0.26-GMP

GGC heuristics: --param ggc-min-expand=100 --param ggc-min-heapsize=131072
ignoring duplicate directory "/root/.espressif/tools/xtensa-esp-elf/esp-15.2.0_20251204/xtensa-esp-elf/bin/../lib/gcc/../../lib/gcc/xtensa-esp-elf/15.2.0/include"
ignoring nonexistent directory "/root/.espressif/tools/xtensa-esp-elf/esp-15.2.0_20251204/xtensa-esp-elf/bin/../xtensa-esp-elf/builds/idf/crosstool-NG/builds/xtensa-esp-elf/xtensa-esp-elf/include"
ignoring duplicate directory "/root/.espressif/tools/xtensa-esp-elf/esp-15.2.0_20251204/xtensa-esp-elf/bin/../lib/gcc/../../lib/gcc/xtensa-esp-elf/15.2.0/include-fixed"
ignoring duplicate directory "/root/.espressif/tools/xtensa-esp-elf/esp-15.2.0_20251204/xtensa-esp-elf/bin/../lib/gcc/../../lib/gcc/xtensa-esp-elf/15.2.0/../../../../xtensa-esp-elf/include"
ignoring duplicate directory "/root/.espressif/tools/xtensa-esp-elf/esp-15.2.0_20251204/xtensa-esp-elf/bin/../xtensa-esp-elf/include"
#include "..." search starts here:
#include <...> search starts here:
 /root/.espressif/tools/xtensa-esp-elf/esp-15.2.0_20251204/xtensa-esp-elf/bin/../xtensa-esp-elf/../picolibc/include
 /root/.espressif/tools/xtensa-esp-elf/esp-15.2.0_20251204/xtensa-esp-elf/bin/../xtensa-esp-elf/../picolibc/include/../xtensa-esp-elf/include/c++/15.2.0/xtensa-esp-elf/esp32
 /root/.espressif/tools/xtensa-esp-elf/esp-15.2.0_20251204/xtensa-esp-elf/bin/../lib/gcc/xtensa-esp-elf/15.2.0/include
 /root/.espressif/tools/xtensa-esp-elf/esp-15.2.0_20251204/xtensa-esp-elf/bin/../lib/gcc/xtensa-esp-elf/15.2.0/include-fixed
 /root/.espressif/tools/xtensa-esp-elf/esp-15.2.0_20251204/xtensa-esp-elf/bin/../lib/gcc/xtensa-esp-elf/15.2.0/../../../../xtensa-esp-elf/include
End of search list.
Compiler executable checksum: 023236c824ceaa5629805e8d1b1d2049
COLLECT_GCC_OPTIONS='-mdynconfig=xtensa_esp32.so' '-specs=/home/olwhistle/dockerNow/esp32/programs/ovs/build/bootloader/specs/picolibc.specs' '-Wno-frame-address' '-mlongcalls' '-fno-builtin-memcpy' '-fno-builtin-memset' '-fno-builtin-bzero' '-v' '-o' 'CMakeFiles/cmTC_6eaa8.dir/CMakeCCompilerABI.c.obj' '-c' '-dumpdir' 'CMakeFiles/cmTC_6eaa8.dir/'
 /root/.espressif/tools/xtensa-esp-elf/esp-15.2.0_20251204/xtensa-esp-elf/bin/../lib/gcc/xtensa-esp-elf/15.2.0/../../../../xtensa-esp-elf/bin/as --traditional-format --longcalls --dynconfig=xtensa_esp32.so -o CMakeFiles/cmTC_6eaa8.dir/CMakeCCompilerABI.c.obj /tmp/ccQU9fi0.s
COMPILER_PATH=/root/.espressif/tools/xtensa-esp-elf/esp-15.2.0_20251204/xtensa-esp-elf/bin/../libexec/gcc/xtensa-esp-elf/15.2.0/:/root/.espressif/tools/xtensa-esp-elf/esp-15.2.0_20251204/xtensa-esp-elf/bin/../libexec/gcc/:/root/.espressif/tools/xtensa-esp-elf/esp-15.2.0_20251204/xtensa-esp-elf/bin/../lib/gcc/xtensa-esp-elf/15.2.0/../../../../xtensa-esp-elf/bin/
LIBRARY_PATH=/root/.espressif/tools/xtensa-esp-elf/esp-15.2.0_20251204/xtensa-esp-elf/bin/../lib/gcc/xtensa-esp-elf/15.2.0/esp32/:/root/.espressif/tools/xtensa-esp-elf/esp-15.2.0_20251204/xtensa-esp-elf/bin/../lib/gcc/xtensa-esp-elf/15.2.0/../../../../xtensa-esp-elf/lib/esp32/:/root/.espressif/tools/xtensa-esp-elf/esp-15.2.0_20251204/xtensa-esp-elf/bin/../xtensa-esp-elf/lib/esp32/:/root/.espressif/tools/xtensa-esp-elf/esp-15.2.0_20251204/xtensa-esp-elf/bin/../lib/gcc/xtensa-esp-elf/15.2.0/:/root/.espressif/tools/xtensa-esp-elf/esp-15.2.0_20251204/xtensa-esp-elf/bin/../lib/gcc/:/root/.espressif/tools/xtensa-esp-elf/esp-15.2.0_20251204/xtensa-esp-elf/bin/../lib/gcc/xtensa-esp-elf/15.2.0/../../../../xtensa-esp-elf/lib/:/root/.espressif/tools/xtensa-esp-elf/esp-15.2.0_20251204/xtensa-esp-elf/bin/../xtensa-esp-elf/lib/:/root/.espressif/tools/xtensa-esp-elf/esp-15.2.0_20251204/xtensa-esp-elf/bin/../xtensa-esp-elf/usr/lib/
COLLECT_GCC_OPTIONS='-mdynconfig=xtensa_esp32.so' '-specs=/home/olwhistle/dockerNow/esp32/programs/ovs/build/bootloader/specs/picolibc.specs' '-Wno-frame-address' '-mlongcalls' '-fno-builtin-memcpy' '-fno-builtin-memset' '-fno-builtin-bzero' '-v' '-o' 'CMakeFiles/cmTC_6eaa8.dir/CMakeCCompilerABI.c.obj' '-c' '-dumpdir' 'CMakeFiles/cmTC_6eaa8.dir/CMakeCCompilerABI.c.'
Linking C executable cmTC_6eaa8
/usr/bin/cmake -E cmake_link_script CMakeFiles/cmTC_6eaa8.dir/link.txt --verbose=1
/root/.espressif/tools/xtensa-esp-elf/esp-15.2.0_20251204/xtensa-esp-elf/bin/xtensa-esp32-elf-gcc @"/home/olwhistle/dockerNow/esp32/programs/ovs/build/bootloader/toolchain/cflags"  @"/home/olwhistle/dockerNow/esp32/programs/ovs/build/bootloader/toolchain/ldflags" -v CMakeFiles/cmTC_6eaa8.dir/CMakeCCompilerABI.c.obj -o cmTC_6eaa8 
Using built-in specs.
Reading specs from /home/olwhistle/dockerNow/esp32/programs/ovs/build/bootloader/specs/picolibc.specs
rename spec link to picolibc_link
rename spec link_libgcc to picolibc_link_libgcc
rename spec cpp to picolibc_cpp
rename spec cc1 to picolibc_cc1
rename spec cc1plus to picolibc_cc1plus
COLLECT_GCC=/root/.espressif/tools/xtensa-esp-elf/esp-15.2.0_20251204/xtensa-esp-elf/bin/xtensa-esp-elf-gcc
COLLECT_LTO_WRAPPER=/root/.espressif/tools/xtensa-esp-elf/esp-15.2.0_20251204/xtensa-esp-elf/bin/../libexec/gcc/xtensa-esp-elf/15.2.0/lto-wrapper
Target: xtensa-esp-elf
Configured with: /builds/idf/crosstool-NG/.build/xtensa-esp-elf/src/gcc/configure --build=x86_64-build_pc-linux-gnu --host=x86_64-build_pc-linux-gnu --target=xtensa-esp-elf --prefix=/builds/idf/crosstool-NG/builds/xtensa-esp-elf --exec_prefix=/builds/idf/crosstool-NG/builds/xtensa-esp-elf --with-local-prefix=/builds/idf/crosstool-NG/builds/xtensa-esp-elf/xtensa-esp-elf --with-sysroot=/builds/idf/crosstool-NG/builds/xtensa-esp-elf/xtensa-esp-elf --with-native-system-header-dir=/include --with-headers=/builds/idf/crosstool-NG/builds/xtensa-esp-elf/xtensa-esp-elf/include --with-newlib --enable-threads=no --disable-shared --with-pkgversion='crosstool-NG esp-15.2.0_20251204' --disable-__cxa_atexit --enable-cxx-flags='-ffunction-sections -fdata-sections' --disable-libgomp --disable-libmudflap --disable-libmpx --disable-libssp --disable-libquadmath --disable-libquadmath-support --disable-libstdcxx-verbose --with-gmp=/builds/idf/crosstool-NG/.build/xtensa-esp-elf/buildtools --with-mpfr=/builds/idf/crosstool-NG/.build/xtensa-esp-elf/buildtools --with-mpc=/builds/idf/crosstool-NG/.build/xtensa-esp-elf/buildtools --with-isl=/builds/idf/crosstool-NG/.build/xtensa-esp-elf/buildtools --enable-lto --enable-target-optspace --without-long-double-128 --enable-plugin --disable-nls --enable-multiarch --enable-languages=c,c++ --disable-libstdcxx-verbose --enable-threads=posix --enable-libstdcxx-time=yes --disable-win32-utf8-manifest
Thread model: posix
Supported LTO compression algorithms: zlib zstd
gcc version 15.2.0 (crosstool-NG esp-15.2.0_20251204) 
COMPILER_PATH=/root/.espressif/tools/xtensa-esp-elf/esp-15.2.0_20251204/xtensa-esp-elf/bin/../libexec/gcc/xtensa-esp-elf/15.2.0/:/root/.espressif/tools/xtensa-esp-elf/esp-15.2.0_20251204/xtensa-esp-elf/bin/../libexec/gcc/:/root/.espressif/tools/xtensa-esp-elf/esp-15.2.0_20251204/xtensa-esp-elf/bin/../lib/gcc/xtensa-esp-elf/15.2.0/../../../../xtensa-esp-elf/bin/
LIBRARY_PATH=/root/.espressif/tools/xtensa-esp-elf/esp-15.2.0_20251204/xtensa-esp-elf/bin/../lib/gcc/xtensa-esp-elf/15.2.0/esp32/no-rtti/:/root/.espressif/tools/xtensa-esp-elf/esp-15.2.0_20251204/xtensa-esp-elf/bin/../lib/gcc/xtensa-esp-elf/15.2.0/../../../../xtensa-esp-elf/lib/esp32/no-rtti/:/root/.espressif/tools/xtensa-esp-elf/esp-15.2.0_20251204/xtensa-esp-elf/bin/../xtensa-esp-elf/lib/esp32/no-rtti/:/root/.espressif/tools/xtensa-esp-elf/esp-15.2.0_20251204/xtensa-esp-elf/bin/../lib/gcc/xtensa-esp-elf/15.2.0/:/root/.espressif/tools/xtensa-esp-elf/esp-15.2.0_20251204/xtensa-esp-elf/bin/../lib/gcc/:/root/.espressif/tools/xtensa-esp-elf/esp-15.2.0_20251204/xtensa-esp-elf/bin/../lib/gcc/xtensa-esp-elf/15.2.0/../../../../xtensa-esp-elf/lib/:/root/.espressif/tools/xtensa-esp-elf/esp-15.2.0_20251204/xtensa-esp-elf/bin/../xtensa-esp-elf/lib/:/root/.espressif/tools/xtensa-esp-elf/esp-15.2.0_20251204/xtensa-esp-elf/bin/../xtensa-esp-elf/usr/lib/
COLLECT_GCC_OPTIONS='-mdynconfig=xtensa_esp32.so' '-specs=/home/olwhistle/dockerNow/esp32/programs/ovs/build/bootloader/specs/picolibc.specs' '-Wno-frame-address' '-mlongcalls' '-fno-builtin-memcpy' '-fno-builtin-memset' '-fno-builtin-bzero' '-nostartfiles' '-fno-rtti' '-v' '-o' 'cmTC_6eaa8' '-dumpdir' 'cmTC_6eaa8.'
 /root/.espressif/tools/xtensa-esp-elf/esp-15.2.0_20251204/xtensa-esp-elf/bin/../libexec/gcc/xtensa-esp-elf/15.2.0/collect2 -plugin /root/.espressif/tools/xtensa-esp-elf/esp-15.2.0_20251204/xtensa-esp-elf/bin/../libexec/gcc/xtensa-esp-elf/15.2.0/liblto_plugin.so -plugin-opt=/root/.espressif/tools/xtensa-esp-elf/esp-15.2.0_20251204/xtensa-esp-elf/bin/../libexec/gcc/xtensa-esp-elf/15.2.0/lto-wrapper -plugin-opt=-fresolution=/tmp/cc5BwGZZ.res -plugin-opt=-pass-through=-lgcc -plugin-opt=-pass-through=-lgcc -plugin-opt=-pass-through=-lc -plugin-opt=-pass-through=-lgcc -L/root/.espressif/tools/xtensa-esp-elf/esp-15.2.0_20251204/xtensa-esp-elf/bin/../xtensa-esp-elf/../picolibc/xtensa-esp-elf/lib/esp32/no-rtti -L/root/.espressif/tools/xtensa-esp-elf/esp-15.2.0_20251204/xtensa-esp-elf/bin/../xtensa-esp-elf/../picolibc/xtensa-esp-elf/lib -Tpicolibc.ld --sysroot=/root/.espressif/tools/xtensa-esp-elf/esp-15.2.0_20251204/xtensa-esp-elf/bin/../xtensa-esp-elf --dynconfig=xtensa_esp32.so -o cmTC_6eaa8 -L/root/.espressif/tools/xtensa-esp-elf/esp-15.2.0_20251204/xtensa-esp-elf/bin/../xtensa-esp-elf/../picolibc/lib/gcc/xtensa-esp-elf/15.2.0/esp32/no-rtti -L/root/.espressif/tools/xtensa-esp-elf/esp-15.2.0_20251204/xtensa-esp-elf/bin/../xtensa-esp-elf/../picolibc/lib/gcc/xtensa-esp-elf/15.2.0 -L/root/.espressif/tools/xtensa-esp-elf/esp-15.2.0_20251204/xtensa-esp-elf/bin/../lib/gcc/xtensa-esp-elf/15.2.0/esp32/no-rtti -L/root/.espressif/tools/xtensa-esp-elf/esp-15.2.0_20251204/xtensa-esp-elf/bin/../lib/gcc/xtensa-esp-elf/15.2.0/../../../../xtensa-esp-elf/lib/esp32/no-rtti -L/root/.espressif/tools/xtensa-esp-elf/esp-15.2.0_20251204/xtensa-esp-elf/bin/../xtensa-esp-elf/lib/esp32/no-rtti -L/root/.espressif/tools/xtensa-esp-elf/esp-15.2.0_20251204/xtensa-esp-elf/bin/../lib/gcc/xtensa-esp-elf/15.2.0 -L/root/.espressif/tools/xtensa-esp-elf/esp-15.2.0_20251204/xtensa-esp-elf/bin/../lib/gcc -L/root/.espressif/tools/xtensa-esp-elf/esp-15.2.0_20251204/xtensa-esp-elf/bin/../lib/gcc/xtensa-esp-elf/15.2.0/../../../../xtensa-esp-elf/lib -L/root/.espressif/tools/xtensa-esp-elf/esp-15.2.0_20251204/xtensa-esp-elf/bin/../xtensa-esp-elf/lib -L/root/.espressif/tools/xtensa-esp-elf/esp-15.2.0_20251204/xtensa-esp-elf/bin/../xtensa-esp-elf/usr/lib @/tmp/ccOf9wyU -lgcc --start-group -lgcc -lc --end-group -lgcc
/root/.espressif/tools/xtensa-esp-elf/esp-15.2.0_20251204/xtensa-esp-elf/bin/../lib/gcc/xtensa-esp-elf/15.2.0/../../../../xtensa-esp-elf/bin/ld: warning: cannot find entry symbol _start; defaulting to 10000000
COLLECT_GCC_OPTIONS='-mdynconfig=xtensa_esp32.so' '-specs=/home/olwhistle/dockerNow/esp32/programs/ovs/build/bootloader/specs/picolibc.specs' '-Wno-frame-address' '-mlongcalls' '-fno-builtin-memcpy' '-fno-builtin-memset' '-fno-builtin-bzero' '-nostartfiles' '-fno-rtti' '-v' '-o' 'cmTC_6eaa8' '-dumpdir' 'cmTC_6eaa8.'
gmake[4]: Leaving directory '/home/olwhistle/dockerNow/esp32/programs/ovs/build/bootloader/CMakeFiles/CMakeTmp'
gmake[3]: Leaving directory '/home/olwhistle/dockerNow/esp32/programs/ovs/build/bootloader/CMakeFiles/CMakeTmp'



Parsed C implicit include dir info from above output: rv=done
  found start of include info
  found start of implicit include info
    add: [/root/.espressif/tools/xtensa-esp-elf/esp-15.2.0_20251204/xtensa-esp-elf/bin/../xtensa-esp-elf/../picolibc/include]
    add: [/root/.espressif/tools/xtensa-esp-elf/esp-15.2.0_20251204/xtensa-esp-elf/bin/../xtensa-esp-elf/../picolibc/include/../xtensa-esp-elf/include/c++/15.2.0/xtensa-esp-elf/esp32]
    add: [/root/.espressif/tools/xtensa-esp-elf/esp-15.2.0_20251204/xtensa-esp-elf/bin/../lib/gcc/xtensa-esp-elf/15.2.0/include]
    add: [/root/.espressif/tools/xtensa-esp-elf/esp-15.2.0_20251204/xtensa-esp-elf/bin/../lib/gcc/xtensa-esp-elf/15.2.0/include-fixed]
    add: [/root/.espressif/tools/xtensa-esp-elf/esp-15.2.0_20251204/xtensa-esp-elf/bin/../lib/gcc/xtensa-esp-elf/15.2.0/../../../../xtensa-esp-elf/include]
  end of search list found
  collapse include dir [/root/.espressif/tools/xtensa-esp-elf/esp-15.2.0_20251204/xtensa-esp-elf/bin/../xtensa-esp-elf/../picolibc/include] ==> [/root/.espressif/tools/xtensa-esp-elf/esp-15.2.0_20251204/xtensa-esp-elf/picolibc/include]
  collapse include dir [/root/.espressif/tools/xtensa-esp-elf/esp-15.2.0_20251204/xtensa-esp-elf/bin/../xtensa-esp-elf/../picolibc/include/../xtensa-esp-elf/include/c++/15.2.0/xtensa-esp-elf/esp32] ==> [/root/.espressif/tools/xtensa-esp-elf/esp-15.2.0_20251204/xtensa-esp-elf/picolibc/xtensa-esp-elf/include/c++/15.2.0/xtensa-esp-elf/esp32]
  collapse include dir [/root/.espressif/tools/xtensa-esp-elf/esp-15.2.0_20251204/xtensa-esp-elf/bin/../lib/gcc/xtensa-esp-elf/15.2.0/include] ==> [/root/.espressif/tools/xtensa-esp-elf/esp-15.2.0_20251204/xtensa-esp-elf/lib/gcc/xtensa-esp-elf/15.2.0/include]
  collapse include dir [/root/.espressif/tools/xtensa-esp-elf/esp-15.2.0_20251204/xtensa-esp-elf/bin/../lib/gcc/xtensa-esp-elf/15.2.0/include-fixed] ==> [/root/.espressif/tools/xtensa-esp-elf/esp-15.2.0_20251204/xtensa-esp-elf/lib/gcc/xtensa-esp-elf/15.2.0/include-fixed]
  collapse include dir [/root/.espressif/tools/xtensa-esp-elf/esp-15.2.0_20251204/xtensa-esp-elf/bin/../lib/gcc/xtensa-esp-elf/15.2.0/../../../../xtensa-esp-elf/include] ==> [/root/.espressif/tools/xtensa-esp-elf/esp-15.2.0_20251204/xtensa-esp-elf/xtensa-esp-elf/include]
  implicit include dirs: [/root/.espressif/tools/xtensa-esp-elf/esp-15.2.0_20251204/xtensa-esp-elf/picolibc/include;/root/.espressif/tools/xtensa-esp-elf/esp-15.2.0_20251204/xtensa-esp-elf/picolibc/xtensa-esp-elf/include/c++/15.2.0/xtensa-esp-elf/esp32;/root/.espressif/tools/xtensa-esp-elf/esp-15.2.0_20251204/xtensa-esp-elf/lib/gcc/xtensa-esp-elf/15.2.0/include;/root/.espressif/tools/xtensa-esp-elf/esp-15.2.0_20251204/xtensa-esp-elf/lib/gcc/xtensa-esp-elf/15.2.0/include-fixed;/root/.espressif/tools/xtensa-esp-elf/esp-15.2.0_20251204/xtensa-esp-elf/xtensa-esp-elf/include]


Parsed C implicit link information from above output:
  link line regex: [^( *|.*[/\])(xtensa-esp32-elf-ld|CMAKE_LINK_STARTFILE-NOTFOUND|([^/\]+-)?ld|collect2)[^/\]*( |$)]
  ignore line: [Change Dir: /home/olwhistle/dockerNow/esp32/programs/ovs/build/bootloader/CMakeFiles/CMakeTmp]
  ignore line: []
  ignore line: [Run Build Command(s):/usr/bin/gmake -f Makefile cmTC_6eaa8/fast && gmake[3]: Entering directory '/home/olwhistle/dockerNow/esp32/programs/ovs/build/bootloader/CMakeFiles/CMakeTmp']
  ignore line: [/usr/bin/gmake  -f CMakeFiles/cmTC_6eaa8.dir/build.make CMakeFiles/cmTC_6eaa8.dir/build]
  ignore line: [gmake[4]: Entering directory '/home/olwhistle/dockerNow/esp32/programs/ovs/build/bootloader/CMakeFiles/CMakeTmp']
  ignore line: [Building C object CMakeFiles/cmTC_6eaa8.dir/CMakeCCompilerABI.c.obj]
  ignore line: [/root/.espressif/tools/xtensa-esp-elf/esp-15.2.0_20251204/xtensa-esp-elf/bin/xtensa-esp32-elf-gcc   @"/home/olwhistle/dockerNow/esp32/programs/ovs/build/bootloader/toolchain/cflags"    -v -o CMakeFiles/cmTC_6eaa8.dir/CMakeCCompilerABI.c.obj -c /usr/share/cmake-3.22/Modules/CMakeCCompilerABI.c]
  ignore line: [Using built-in specs.]
  ignore line: [Reading specs from /home/olwhistle/dockerNow/esp32/programs/ovs/build/bootloader/specs/picolibc.specs]
  ignore line: [rename spec link to picolibc_link]
  ignore line: [rename spec link_libgcc to picolibc_link_libgcc]
  ignore line: [rename spec cpp to picolibc_cpp]
  ignore line: [rename spec cc1 to picolibc_cc1]
  ignore line: [rename spec cc1plus to picolibc_cc1plus]
  ignore line: [COLLECT_GCC=/root/.espressif/tools/xtensa-esp-elf/esp-15.2.0_20251204/xtensa-esp-elf/bin/xtensa-esp-elf-gcc]
  ignore line: [Target: xtensa-esp-elf]
  ignore line: [Configured with: /builds/idf/crosstool-NG/.build/xtensa-esp-elf/src/gcc/configure --build=x86_64-build_pc-linux-gnu --host=x86_64-build_pc-linux-gnu --target=xtensa-esp-elf --prefix=/builds/idf/crosstool-NG/builds/xtensa-esp-elf --exec_prefix=/builds/idf/crosstool-NG/builds/xtensa-esp-elf --with-local-prefix=/builds/idf/crosstool-NG/builds/xtensa-esp-elf/xtensa-esp-elf --with-sysroot=/builds/idf/crosstool-NG/builds/xtensa-esp-elf/xtensa-esp-elf --with-native-system-header-dir=/include --with-headers=/builds/idf/crosstool-NG/builds/xtensa-esp-elf/xtensa-esp-elf/include --with-newlib --enable-threads=no --disable-shared --with-pkgversion='crosstool-NG esp-15.2.0_20251204' --disable-__cxa_atexit --enable-cxx-flags='-ffunction-sections -fdata-sections' --disable-libgomp --disable-libmudflap --disable-libmpx --disable-libssp --disable-libquadmath --disable-libquadmath-support --disable-libstdcxx-verbose --with-gmp=/builds/idf/crosstool-NG/.build/xtensa-esp-elf/buildtools --with-mpfr=/builds/idf/crosstool-NG/.build/xtensa-esp-elf/buildtools --with-mpc=/builds/idf/crosstool-NG/.build/xtensa-esp-elf/buildtools --with-isl=/builds/idf/crosstool-NG/.build/xtensa-esp-elf/buildtools --enable-lto --enable-target-optspace --without-long-double-128 --enable-plugin --disable-nls --enable-multiarch --enable-languages=c c++ --disable-libstdcxx-verbose --enable-threads=posix --enable-libstdcxx-time=yes --disable-win32-utf8-manifest]
  ignore line: [Thread model: posix]
  ignore line: [Supported LTO compression algorithms: zlib zstd]
  ignore line: [gcc version 15.2.0 (crosstool-NG esp-15.2.0_20251204) ]
  ignore line: [COLLECT_GCC_OPTIONS='-mdynconfig=xtensa_esp32.so' '-specs=/home/olwhistle/dockerNow/esp32/programs/ovs/build/bootloader/specs/picolibc.specs' '-Wno-frame-address' '-mlongcalls' '-fno-builtin-memcpy' '-fno-builtin-memset' '-fno-builtin-bzero' '-v' '-o' 'CMakeFiles/cmTC_6eaa8.dir/CMakeCCompilerABI.c.obj' '-c' '-dumpdir' 'CMakeFiles/cmTC_6eaa8.dir/']
  ignore line: [ /root/.espressif/tools/xtensa-esp-elf/esp-15.2.0_20251204/xtensa-esp-elf/bin/../libexec/gcc/xtensa-esp-elf/15.2.0/cc1 -quiet -v -imultilib esp32 -iprefix /root/.espressif/tools/xtensa-esp-elf/esp-15.2.0_20251204/xtensa-esp-elf/bin/../lib/gcc/xtensa-esp-elf/15.2.0/ -isysroot /root/.espressif/tools/xtensa-esp-elf/esp-15.2.0_20251204/xtensa-esp-elf/bin/../xtensa-esp-elf -isystem /root/.espressif/tools/xtensa-esp-elf/esp-15.2.0_20251204/xtensa-esp-elf/bin/../xtensa-esp-elf/../picolibc/include -isystem /root/.espressif/tools/xtensa-esp-elf/esp-15.2.0_20251204/xtensa-esp-elf/bin/../xtensa-esp-elf/../picolibc/include/../xtensa-esp-elf/include/c++/15.2.0/xtensa-esp-elf/esp32 /usr/share/cmake-3.22/Modules/CMakeCCompilerABI.c -ftls-model=local-exec -quiet -dumpdir CMakeFiles/cmTC_6eaa8.dir/ -dumpbase CMakeCCompilerABI.c.c -dumpbase-ext .c -mdynconfig=xtensa_esp32.so -mlongcalls -Wno-frame-address -version -fno-builtin-memcpy -fno-builtin-memset -fno-builtin-bzero -o /tmp/ccQU9fi0.s]
  ignore line: [GNU C23 (crosstool-NG esp-15.2.0_20251204) version 15.2.0 (xtensa-esp-elf)]
  ignore line: [	compiled by GNU C version 6.3.0  GMP version 6.3.0  MPFR version 4.2.1  MPC version 1.3.1  isl version isl-0.26-GMP]
  ignore line: []
  ignore line: [GGC heuristics: --param ggc-min-expand=100 --param ggc-min-heapsize=131072]
  ignore line: [ignoring duplicate directory "/root/.espressif/tools/xtensa-esp-elf/esp-15.2.0_20251204/xtensa-esp-elf/bin/../lib/gcc/../../lib/gcc/xtensa-esp-elf/15.2.0/include"]
  ignore line: [ignoring nonexistent directory "/root/.espressif/tools/xtensa-esp-elf/esp-15.2.0_20251204/xtensa-esp-elf/bin/../xtensa-esp-elf/builds/idf/crosstool-NG/builds/xtensa-esp-elf/xtensa-esp-elf/include"]
  ignore line: [ignoring duplicate directory "/root/.espressif/tools/xtensa-esp-elf/esp-15.2.0_20251204/xtensa-esp-elf/bin/../lib/gcc/../../lib/gcc/xtensa-esp-elf/15.2.0/include-fixed"]
  ignore line: [ignoring duplicate directory "/root/.espressif/tools/xtensa-esp-elf/esp-15.2.0_20251204/xtensa-esp-elf/bin/../lib/gcc/../../lib/gcc/xtensa-esp-elf/15.2.0/../../../../xtensa-esp-elf/include"]
  ignore line: [ignoring duplicate directory "/root/.espressif/tools/xtensa-esp-elf/esp-15.2.0_20251204/xtensa-esp-elf/bin/../xtensa-esp-elf/include"]
  ignore line: [#include "..." search starts here:]
  ignore line: [#include <...> search starts here:]
  ignore line: [ /root/.espressif/tools/xtensa-esp-elf/esp-15.2.0_20251204/xtensa-esp-elf/bin/../xtensa-esp-elf/../picolibc/include]
  ignore line: [ /root/.espressif/tools/xtensa-esp-elf/esp-15.2.0_20251204/xtensa-esp-elf/bin/../xtensa-esp-elf/../picolibc/include/../xtensa-esp-elf/include/c++/15.2.0/xtensa-esp-elf/esp32]
  ignore line: [ /root/.espressif/tools/xtensa-esp-elf/esp-15.2.0_20251204/xtensa-esp-elf/bin/../lib/gcc/xtensa-esp-elf/15.2.0/include]
  ignore line: [ /root/.espressif/tools/xtensa-esp-elf/esp-15.2.0_20251204/xtensa-esp-elf/bin/../lib/gcc/xtensa-esp-elf/15.2.0/include-fixed]
  ignore line: [ /root/.espressif/tools/xtensa-esp-elf/esp-15.2.0_20251204/xtensa-esp-elf/bin/../lib/gcc/xtensa-esp-elf/15.2.0/../../../../xtensa-esp-elf/include]
  ignore line: [End of search list.]
  ignore line: [Compiler executable checksum: 023236c824ceaa5629805e8d1b1d2049]
  ignore line: [COLLECT_GCC_OPTIONS='-mdynconfig=xtensa_esp32.so' '-specs=/home/olwhistle/dockerNow/esp32/programs/ovs/build/bootloader/specs/picolibc.specs' '-Wno-frame-address' '-mlongcalls' '-fno-builtin-memcpy' '-fno-builtin-memset' '-fno-builtin-bzero' '-v' '-o' 'CMakeFiles/cmTC_6eaa8.dir/CMakeCCompilerABI.c.obj' '-c' '-dumpdir' 'CMakeFiles/cmTC_6eaa8.dir/']
  ignore line: [ /root/.espressif/tools/xtensa-esp-elf/esp-15.2.0_20251204/xtensa-esp-elf/bin/../lib/gcc/xtensa-esp-elf/15.2.0/../../../../xtensa-esp-elf/bin/as --traditional-format --longcalls --dynconfig=xtensa_esp32.so -o CMakeFiles/cmTC_6eaa8.dir/CMakeCCompilerABI.c.obj /tmp/ccQU9fi0.s]
  ignore line: [COMPILER_PATH=/root/.espressif/tools/xtensa-esp-elf/esp-15.2.0_20251204/xtensa-esp-elf/bin/../libexec/gcc/xtensa-esp-elf/15.2.0/:/root/.espressif/tools/xtensa-esp-elf/esp-15.2.0_20251204/xtensa-esp-elf/bin/../libexec/gcc/:/root/.espressif/tools/xtensa-esp-elf/esp-15.2.0_20251204/xtensa-esp-elf/bin/../lib/gcc/xtensa-esp-elf/15.2.0/../../../../xtensa-esp-elf/bin/]
  ignore line: [LIBRARY_PATH=/root/.espressif/tools/xtensa-esp-elf/esp-15.2.0_20251204/xtensa-esp-elf/bin/../lib/gcc/xtensa-esp-elf/15.2.0/esp32/:/root/.espressif/tools/xtensa-esp-elf/esp-15.2.0_20251204/xtensa-esp-elf/bin/../lib/gcc/xtensa-esp-elf/15.2.0/../../../../xtensa-esp-elf/lib/esp32/:/root/.espressif/tools/xtensa-esp-elf/esp-15.2.0_20251204/xtensa-esp-elf/bin/../xtensa-esp-elf/lib/esp32/:/root/.espressif/tools/xtensa-esp-elf/esp-15.2.0_20251204/xtensa-esp-elf/bin/../lib/gcc/xtensa-esp-elf/15.2.0/:/root/.espressif/tools/xtensa-esp-elf/esp-15.2.0_20251204/xtensa-esp-elf/bin/../lib/gcc/:/root/.espressif/tools/xtensa-esp-elf/esp-15.2.0_20251204/xtensa-esp-elf/bin/../lib/gcc/xtensa-esp-elf/15.2.0/../../../../xtensa-esp-elf/lib/:/root/.espressif/tools/xtensa-esp-elf/esp-15.2.0_20251204/xtensa-esp-elf/bin/../xtensa-esp-elf/lib/:/root/.espressif/tools/xtensa-esp-elf/esp-15.2.0_20251204/xtensa-esp-elf/bin/../xtensa-esp-elf/usr/lib/]
  ignore line: [COLLECT_GCC_OPTIONS='-mdynconfig=xtensa_esp32.so' '-specs=/home/olwhistle/dockerNow/esp32/programs/ovs/build/bootloader/specs/picolibc.specs' '-Wno-frame-address' '-mlongcalls' '-fno-builtin-memcpy' '-fno-builtin-memset' '-fno-builtin-bzero' '-v' '-o' 'CMakeFiles/cmTC_6eaa8.dir/CMakeCCompilerABI.c.obj' '-c' '-dumpdir' 'CMakeFiles/cmTC_6eaa8.dir/CMakeCCompilerABI.c.']
  ignore line: [Linking C executable cmTC_6eaa8]
  ignore line: [/usr/bin/cmake -E cmake_link_script CMakeFiles/cmTC_6eaa8.dir/link.txt --verbose=1]
  ignore line: [/root/.espressif/tools/xtensa-esp-elf/esp-15.2.0_20251204/xtensa-esp-elf/bin/xtensa-esp32-elf-gcc @"/home/olwhistle/dockerNow/esp32/programs/ovs/build/bootloader/toolchain/cflags"  @"/home/olwhistle/dockerNow/esp32/programs/ovs/build/bootloader/toolchain/ldflags" -v CMakeFiles/cmTC_6eaa8.dir/CMakeCCompilerABI.c.obj -o cmTC_6eaa8 ]
  ignore line: [Using built-in specs.]
  ignore line: [Reading specs from /home/olwhistle/dockerNow/esp32/programs/ovs/build/bootloader/specs/picolibc.specs]
  ignore line: [rename spec link to picolibc_link]
  ignore line: [rename spec link_libgcc to picolibc_link_libgcc]
  ignore line: [rename spec cpp to picolibc_cpp]
  ignore line: [rename spec cc1 to picolibc_cc1]
  ignore line: [rename spec cc1plus to picolibc_cc1plus]
  ignore line: [COLLECT_GCC=/root/.espressif/tools/xtensa-esp-elf/esp-15.2.0_20251204/xtensa-esp-elf/bin/xtensa-esp-elf-gcc]
  ignore line: [COLLECT_LTO_WRAPPER=/root/.espressif/tools/xtensa-esp-elf/esp-15.2.0_20251204/xtensa-esp-elf/bin/../libexec/gcc/xtensa-esp-elf/15.2.0/lto-wrapper]
  ignore line: [Target: xtensa-esp-elf]
  ignore line: [Configured with: /builds/idf/crosstool-NG/.build/xtensa-esp-elf/src/gcc/configure --build=x86_64-build_pc-linux-gnu --host=x86_64-build_pc-linux-gnu --target=xtensa-esp-elf --prefix=/builds/idf/crosstool-NG/builds/xtensa-esp-elf --exec_prefix=/builds/idf/crosstool-NG/builds/xtensa-esp-elf --with-local-prefix=/builds/idf/crosstool-NG/builds/xtensa-esp-elf/xtensa-esp-elf --with-sysroot=/builds/idf/crosstool-NG/builds/xtensa-esp-elf/xtensa-esp-elf --with-native-system-header-dir=/include --with-headers=/builds/idf/crosstool-NG/builds/xtensa-esp-elf/xtensa-esp-elf/include --with-newlib --enable-threads=no --disable-shared --with-pkgversion='crosstool-NG esp-15.2.0_20251204' --disable-__cxa_atexit --enable-cxx-flags='-ffunction-sections -fdata-sections' --disable-libgomp --disable-libmudflap --disable-libmpx --disable-libssp --disable-libquadmath --disable-libquadmath-support --disable-libstdcxx-verbose --with-gmp=/builds/idf/crosstool-NG/.build/xtensa-esp-elf/buildtools --with-mpfr=/builds/idf/crosstool-NG/.build/xtensa-esp-elf/buildtools --with-mpc=/builds/idf/crosstool-NG/.build/xtensa-esp-elf/buildtools --with-isl=/builds/idf/crosstool-NG/.build/xtensa-esp-elf/buildtools --enable-lto --enable-target-optspace --without-long-double-128 --enable-plugin --disable-nls --enable-multiarch --enable-languages=c c++ --disable-libstdcxx-verbose --enable-threads=posix --enable-libstdcxx-time=yes --disable-win32-utf8-manifest]
  ignore line: [Thread model: posix]
  ignore line: [Supported LTO compression algorithms: zlib zstd]
  ignore line: [gcc version 15.2.0 (crosstool-NG esp-15.2.0_20251204) ]
  ignore line: [COMPILER_PATH=/root/.espressif/tools/xtensa-esp-elf/esp-15.2.0_20251204/xtensa-esp-elf/bin/../libexec/gcc/xtensa-esp-elf/15.2.0/:/root/.espressif/tools/xtensa-esp-elf/esp-15.2.0_20251204/xtensa-esp-elf/bin/../libexec/gcc/:/root/.espressif/tools/xtensa-esp-elf/esp-15.2.0_20251204/xtensa-esp-elf/bin/../lib/gcc/xtensa-esp-elf/15.2.0/../../../../xtensa-esp-elf/bin/]
  ignore line: [LIBRARY_PATH=/root/.espressif/tools/xtensa-esp-elf/esp-15.2.0_20251204/xtensa-esp-elf/bin/../lib/gcc/xtensa-esp-elf/15.2.0/esp32/no-rtti/:/root/.espressif/tools/xtensa-esp-elf/esp-15.2.0_20251204/xtensa-esp-elf/bin/../lib/gcc/xtensa-esp-elf/15.2.0/../../../../xtensa-esp-elf/lib/esp32/no-rtti/:/root/.espressif/tools/xtensa-esp-elf/esp-15.2.0_20251204/xtensa-esp-elf/bin/../xtensa-esp-elf/lib/esp32/no-rtti/:/root/.espressif/tools/xtensa-esp-elf/esp-15.2.0_20251204/xtensa-esp-elf/bin/../lib/gcc/xtensa-esp-elf/15.2.0/:/root/.espressif/tools/xtensa-esp-elf/esp-15.2.0_20251204/xtensa-esp-elf/bin/../lib/gcc/:/root/.espressif/tools/xtensa-esp-elf/esp-15.2.0_20251204/xtensa-esp-elf/bin/../lib/gcc/xtensa-esp-elf/15.2.0/../../../../xtensa-esp-elf/lib/:/root/.espressif/tools/xtensa-esp-elf/esp-15.2.0_20251204/xtensa-esp-elf/bin/../xtensa-esp-elf/lib/:/root/.espressif/tools/xtensa-esp-elf/esp-15.2.0_20251204/xtensa-esp-elf/bin/../xtensa-esp-elf/usr/lib/]
  ignore line: [COLLECT_GCC_OPTIONS='-mdynconfig=xtensa_esp32.so' '-specs=/home/olwhistle/dockerNow/esp32/programs/ovs/build/bootloader/specs/picolibc.specs' '-Wno-frame-address' '-mlongcalls' '-fno-builtin-memcpy' '-fno-builtin-memset' '-fno-builtin-bzero' '-nostartfiles' '-fno-rtti' '-v' '-o' 'cmTC_6eaa8' '-dumpdir' 'cmTC_6eaa8.']
  link line: [ /root/.espressif/tools/xtensa-esp-elf/esp-15.2.0_20251204/xtensa-esp-elf/bin/../libexec/gcc/xtensa-esp-elf/15.2.0/collect2 -plugin /root/.espressif/tools/xtensa-esp-elf/esp-15.2.0_20251204/xtensa-esp-elf/bin/../libexec/gcc/xtensa-esp-elf/15.2.0/liblto_plugin.so -plugin-opt=/root/.espressif/tools/xtensa-esp-elf/esp-15.2.0_20251204/xtensa-esp-elf/bin/../libexec/gcc/xtensa-esp-elf/15.2.0/lto-wrapper -plugin-opt=-fresolution=/tmp/cc5BwGZZ.res -plugin-opt=-pass-through=-lgcc -plugin-opt=-pass-through=-lgcc -plugin-opt=-pass-through=-lc -plugin-opt=-pass-through=-lgcc -L/root/.espressif/tools/xtensa-esp-elf/esp-15.2.0_20251204/xtensa-esp-elf/bin/../xtensa-esp-elf/../picolibc/xtensa-esp-elf/lib/esp32/no-rtti -L/root/.espressif/tools/xtensa-esp-elf/esp-15.2.0_20251204/xtensa-esp-elf/bin/../xtensa-esp-elf/../picolibc/xtensa-esp-elf/lib -Tpicolibc.ld --sysroot=/root/.espressif/tools/xtensa-esp-elf/esp-15.2.0_20251204/xtensa-esp-elf/bin/../xtensa-esp-elf --dynconfig=xtensa_esp32.so -o cmTC_6eaa8 -L/root/.espressif/tools/xtensa-esp-elf/esp-15.2.0_20251204/xtensa-esp-elf/bin/../xtensa-esp-elf/../picolibc/lib/gcc/xtensa-esp-elf/15.2.0/esp32/no-rtti -L/root/.espressif/tools/xtensa-esp-elf/esp-15.2.0_20251204/xtensa-esp-elf/bin/../xtensa-esp-elf/../picolibc/lib/gcc/xtensa-esp-elf/15.2.0 -L/root/.espressif/tools/xtensa-esp-elf/esp-15.2.0_20251204/xtensa-esp-elf/bin/../lib/gcc/xtensa-esp-elf/15.2.0/esp32/no-rtti -L/root/.espressif/tools/xtensa-esp-elf/esp-15.2.0_20251204/xtensa-esp-elf/bin/../lib/gcc/xtensa-esp-elf/15.2.0/../../../../xtensa-esp-elf/lib/esp32/no-rtti -L/root/.espressif/tools/xtensa-esp-elf/esp-15.2.0_20251204/xtensa-esp-elf/bin/../xtensa-esp-elf/lib/esp32/no-rtti -L/root/.espressif/tools/xtensa-esp-elf/esp-15.2.0_20251204/xtensa-esp-elf/bin/../lib/gcc/xtensa-esp-elf/15.2.0 -L/root/.espressif/tools/xtensa-esp-elf/esp-15.2.0_20251204/xtensa-esp-elf/bin/../lib/gcc -L/root/.espressif/tools/xtensa-esp-elf/esp-15.2.0_20251204/xtensa-esp-elf/bin/../lib/gcc/xtensa-esp-elf/15.2.0/../../../../xtensa-esp-elf/lib -L/root/.espressif/tools/xtensa-esp-elf/esp-15.2.0_20251204/xtensa-esp-elf/bin/../xtensa-esp-elf/lib -L/root/.espressif/tools/xtensa-esp-elf/esp-15.2.0_20251204/xtensa-esp-elf/bin/../xtensa-esp-elf/usr/lib @/tmp/ccOf9wyU -lgcc --start-group -lgcc -lc --end-group -lgcc]
    arg [/root/.espressif/tools/xtensa-esp-elf/esp-15.2.0_20251204/xtensa-esp-elf/bin/../libexec/gcc/xtensa-esp-elf/15.2.0/collect2] ==> ignore
    arg [-plugin] ==> ignore
    arg [/root/.espressif/tools/xtensa-esp-elf/esp-15.2.0_20251204/xtensa-esp-elf/bin/../libexec/gcc/xtensa-esp-elf/15.2.0/liblto_plugin.so] ==> ignore
    arg [-plugin-opt=/root/.espressif/tools/xtensa-esp-elf/esp-15.2.0_20251204/xtensa-esp-elf/bin/../libexec/gcc/xtensa-esp-elf/15.2.0/lto-wrapper] ==> ignore
    arg [-plugin-opt=-fresolution=/tmp/cc5BwGZZ.res] ==> ignore
    arg [-plugin-opt=-pass-through=-lgcc] ==> ignore
    arg [-plugin-opt=-pass-through=-lgcc] ==> ignore
    arg [-plugin-opt=-pass-through=-lc] ==> ignore
    arg [-plugin-opt=-pass-through=-lgcc] ==> ignore
    arg [-L/root/.espressif/tools/xtensa-esp-elf/esp-15.2.0_20251204/xtensa-esp-elf/bin/../xtensa-esp-elf/../picolibc/xtensa-esp-elf/lib/esp32/no-rtti] ==> dir [/root/.espressif/tools/xtensa-esp-elf/esp-15.2.0_20251204/xtensa-esp-elf/bin/../xtensa-esp-elf/../picolibc/xtensa-esp-elf/lib/esp32/no-rtti]
    arg [-L/root/.espressif/tools/xtensa-esp-elf/esp-15.2.0_20251204/xtensa-esp-elf/bin/../xtensa-esp-elf/../picolibc/xtensa-esp-elf/lib] ==> dir [/root/.espressif/tools/xtensa-esp-elf/esp-15.2.0_20251204/xtensa-esp-elf/bin/../xtensa-esp-elf/../picolibc/xtensa-esp-elf/lib]
    arg [-Tpicolibc.ld] ==> ignore
    arg [--sysroot=/root/.espressif/tools/xtensa-esp-elf/esp-15.2.0_20251204/xtensa-esp-elf/bin/../xtensa-esp-elf] ==> ignore
    arg [--dynconfig=xtensa_esp32.so] ==> ignore
    arg [-o] ==> ignore
    arg [cmTC_6eaa8] ==> ignore
    arg [-L/root/.espressif/tools/xtensa-esp-elf/esp-15.2.0_20251204/xtensa-esp-elf/bin/../xtensa-esp-elf/../picolibc/lib/gcc/xtensa-esp-elf/15.2.0/esp32/no-rtti] ==> dir [/root/.espressif/tools/xtensa-esp-elf/esp-15.2.0_20251204/xtensa-esp-elf/bin/../xtensa-esp-elf/../picolibc/lib/gcc/xtensa-esp-elf/15.2.0/esp32/no-rtti]
    arg [-L/root/.espressif/tools/xtensa-esp-elf/esp-15.2.0_20251204/xtensa-esp-elf/bin/../xtensa-esp-elf/../picolibc/lib/gcc/xtensa-esp-elf/15.2.0] ==> dir [/root/.espressif/tools/xtensa-esp-elf/esp-15.2.0_20251204/xtensa-esp-elf/bin/../xtensa-esp-elf/../picolibc/lib/gcc/xtensa-esp-elf/15.2.0]
    arg [-L/root/.espressif/tools/xtensa-esp-elf/esp-15.2.0_20251204/xtensa-esp-elf/bin/../lib/gcc/xtensa-esp-elf/15.2.0/esp32/no-rtti] ==> dir [/root/.espressif/tools/xtensa-esp-elf/esp-15.2.0_20251204/xtensa-esp-elf/bin/../lib/gcc/xtensa-esp-elf/15.2.0/esp32/no-rtti]
    arg [-L/root/.espressif/tools/xtensa-esp-elf/esp-15.2.0_20251204/xtensa-esp-elf/bin/../lib/gcc/xtensa-esp-elf/15.2.0/../../../../xtensa-esp-elf/lib/esp32/no-rtti] ==> dir [/root/.espressif/tools/xtensa-esp-elf/esp-15.2.0_20251204/xtensa-esp-elf/bin/../lib/gcc/xtensa-esp-elf/15.2.0/../../../../xtensa-esp-elf/lib/esp32/no-rtti]
    arg [-L/root/.espressif/tools/xtensa-esp-elf/esp-15.2.0_20251204/xtensa-esp-elf/bin/../xtensa-esp-elf/lib/esp32/no-rtti] ==> dir [/root/.espressif/tools/xtensa-esp-elf/esp-15.2.0_20251204/xtensa-esp-elf/bin/../xtensa-esp-elf/lib/esp32/no-rtti]
    arg [-L/root/.espressif/tools/xtensa-esp-elf/esp-15.2.0_20251204/xtensa-esp-elf/bin/../lib/gcc/xtensa-esp-elf/15.2.0] ==> dir [/root/.espressif/tools/xtensa-esp-elf/esp-15.2.0_20251204/xtensa-esp-elf/bin/../lib/gcc/xtensa-esp-elf/15.2.0]
    arg [-L/root/.espressif/tools/xtensa-esp-elf/esp-15.2.0_20251204/xtensa-esp-elf/bin/../lib/gcc] ==> dir [/root/.espressif/tools/xtensa-esp-elf/esp-15.2.0_20251204/xtensa-esp-elf/bin/../lib/gcc]
    arg [-L/root/.espressif/tools/xtensa-esp-elf/esp-15.2.0_20251204/xtensa-esp-elf/bin/../lib/gcc/xtensa-esp-elf/15.2.0/../../../../xtensa-esp-elf/lib] ==> dir [/root/.espressif/tools/xtensa-esp-elf/esp-15.2.0_20251204/xtensa-esp-elf/bin/../lib/gcc/xtensa-esp-elf/15.2.0/../../../../xtensa-esp-elf/lib]
    arg [-L/root/.espressif/tools/xtensa-esp-elf/esp-15.2.0_20251204/xtensa-esp-elf/bin/../xtensa-esp-elf/lib] ==> dir [/root/.espressif/tools/xtensa-esp-elf/esp-15.2.0_20251204/xtensa-esp-elf/bin/../xtensa-esp-elf/lib]
    arg [-L/root/.espressif/tools/xtensa-esp-elf/esp-15.2.0_20251204/xtensa-esp-elf/bin/../xtensa-esp-elf/usr/lib] ==> dir [/root/.espressif/tools/xtensa-esp-elf/esp-15.2.0_20251204/xtensa-esp-elf/bin/../xtensa-esp-elf/usr/lib]
    arg [@/tmp/ccOf9wyU] ==> ignore
    arg [-lgcc] ==> lib [gcc]
    arg [--start-group] ==> ignore
    arg [-lgcc] ==> lib [gcc]
    arg [-lc] ==> lib [c]
    arg [--end-group] ==> ignore
    arg [-lgcc] ==> lib [gcc]
  collapse library dir [/root/.espressif/tools/xtensa-esp-elf/esp-15.2.0_20251204/xtensa-esp-elf/bin/../xtensa-esp-elf/../picolibc/xtensa-esp-elf/lib/esp32/no-rtti] ==> [/root/.espressif/tools/xtensa-esp-elf/esp-15.2.0_20251204/xtensa-esp-elf/picolibc/xtensa-esp-elf/lib/esp32/no-rtti]
  collapse library dir [/root/.espressif/tools/xtensa-esp-elf/esp-15.2.0_20251204/xtensa-esp-elf/bin/../xtensa-esp-elf/../picolibc/xtensa-esp-elf/lib] ==> [/root/.espressif/tools/xtensa-esp-elf/esp-15.2.0_20251204/xtensa-esp-elf/picolibc/xtensa-esp-elf/lib]
  collapse library dir [/root/.espressif/tools/xtensa-esp-elf/esp-15.2.0_20251204/xtensa-esp-elf/bin/../xtensa-esp-elf/../picolibc/lib/gcc/xtensa-esp-elf/15.2.0/esp32/no-rtti] ==> [/root/.espressif/tools/xtensa-esp-elf/esp-15.2.0_20251204/xtensa-esp-elf/picolibc/lib/gcc/xtensa-esp-elf/15.2.0/esp32/no-rtti]
  collapse library dir [/root/.espressif/tools/xtensa-esp-elf/esp-15.2.0_20251204/xtensa-esp-elf/bin/../xtensa-esp-elf/../picolibc/lib/gcc/xtensa-esp-elf/15.2.0] ==> [/root/.espressif/tools/xtensa-esp-elf/esp-15.2.0_20251204/xtensa-esp-elf/picolibc/lib/gcc/xtensa-esp-elf/15.2.0]
  collapse library dir [/root/.espressif/tools/xtensa-esp-elf/esp-15.2.0_20251204/xtensa-esp-elf/bin/../lib/gcc/xtensa-esp-elf/15.2.0/esp32/no-rtti] ==> [/root/.espressif/tools/xtensa-esp-elf/esp-15.2.0_20251204/xtensa-esp-elf/lib/gcc/xtensa-esp-elf/15.2.0/esp32/no-rtti]
  collapse library dir [/root/.espressif/tools/xtensa-esp-elf/esp-15.2.0_20251204/xtensa-esp-elf/bin/../lib/gcc/xtensa-esp-elf/15.2.0/../../../../xtensa-esp-elf/lib/esp32/no-rtti] ==> [/root/.espressif/tools/xtensa-esp-elf/esp-15.2.0_20251204/xtensa-esp-elf/xtensa-esp-elf/lib/esp32/no-rtti]
  collapse library dir [/root/.espressif/tools/xtensa-esp-elf/esp-15.2.0_20251204/xtensa-esp-elf/bin/../xtensa-esp-elf/lib/esp32/no-rtti] ==> [/root/.espressif/tools/xtensa-esp-elf/esp-15.2.0_20251204/xtensa-esp-elf/xtensa-esp-elf/lib/esp32/no-rtti]
  collapse library dir [/root/.espressif/tools/xtensa-esp-elf/esp-15.2.0_20251204/xtensa-esp-elf/bin/../lib/gcc/xtensa-esp-elf/15.2.0] ==> [/root/.espressif/tools/xtensa-esp-elf/esp-15.2.0_20251204/xtensa-esp-elf/lib/gcc/xtensa-esp-elf/15.2.0]
  collapse library dir [/root/.espressif/tools/xtensa-esp-elf/esp-15.2.0_20251204/xtensa-esp-elf/bin/../lib/gcc] ==> [/root/.espressif/tools/xtensa-esp-elf/esp-15.2.0_20251204/xtensa-esp-elf/lib/gcc]
  collapse library dir [/root/.espressif/tools/xtensa-esp-elf/esp-15.2.0_20251204/xtensa-esp-elf/bin/../lib/gcc/xtensa-esp-elf/15.2.0/../../../../xtensa-esp-elf/lib] ==> [/root/.espressif/tools/xtensa-esp-elf/esp-15.2.0_20251204/xtensa-esp-elf/xtensa-esp-elf/lib]
  collapse library dir [/root/.espressif/tools/xtensa-esp-elf/esp-15.2.0_20251204/xtensa-esp-elf/bin/../xtensa-esp-elf/lib] ==> [/root/.espressif/tools/xtensa-esp-elf/esp-15.2.0_20251204/xtensa-esp-elf/xtensa-esp-elf/lib]
  collapse library dir [/root/.espressif/tools/xtensa-esp-elf/esp-15.2.0_20251204/xtensa-esp-elf/bin/../xtensa-esp-elf/usr/lib] ==> [/root/.espressif/tools/xtensa-esp-elf/esp-15.2.0_20251204/xtensa-esp-elf/xtensa-esp-elf/usr/lib]
  implicit libs: [gcc;gcc;c;gcc]
  implicit objs: []
  implicit dirs: [/root/.espressif/tools/xtensa-esp-elf/esp-15.2.0_20251204/xtensa-esp-elf/picolibc/xtensa-esp-elf/lib/esp32/no-rtti;/root/.espressif/tools/xtensa-esp-elf/esp-15.2.0_20251204/xtensa-esp-elf/picolibc/xtensa-esp-elf/lib;/root/.espressif/tools/xtensa-esp-elf/esp-15.2.0_20251204/xtensa-esp-elf/picolibc/lib/gcc/xtensa-esp-elf/15.2.0/esp32/no-rtti;/root/.espressif/tools/xtensa-esp-elf/esp-15.2.0_20251204/xtensa-esp-elf/picolibc/lib/gcc/xtensa-esp-elf/15.2.0;/root/.espressif/tools/xtensa-esp-elf/esp-15.2.0_20251204/xtensa-esp-elf/lib/gcc/xtensa-esp-elf/15.2.0/esp32/no-rtti;/root/.espressif/tools/xtensa-esp-elf/esp-15.2.0_20251204/xtensa-esp-elf/xtensa-esp-elf/lib/esp32/no-rtti;/root/.espressif/tools/xtensa-esp-elf/esp-15.2.0_20251204/xtensa-esp-elf/lib/gcc/xtensa-esp-elf/15.2.0;/root/.espressif/tools/xtensa-esp-elf/esp-15.2.0_20251204/xtensa-esp-elf/lib/gcc;/root/.espressif/tools/xtensa-esp-elf/esp-15.2.0_20251204/xtensa-esp-elf/xtensa-esp-elf/lib;/root/.espressif/tools/xtensa-esp-elf/esp-15.2.0_20251204/xtensa-esp-elf/xtensa-esp-elf/usr/lib]
  implicit fwks: []


Detecting CXX compiler ABI info compiled with the following output:
Change Dir: /home/olwhistle/dockerNow/esp32/programs/ovs/build/bootloader/CMakeFiles/CMakeTmp

Run Build Command(s):/usr/bin/gmake -f Makefile cmTC_b39bb/fast && gmake[3]: Entering directory '/home/olwhistle/dockerNow/esp32/programs/ovs/build/bootloader/CMakeFiles/CMakeTmp'
/usr/bin/gmake  -f CMakeFiles/cmTC_b39bb.dir/build.make CMakeFiles/cmTC_b39bb.dir/build
gmake[4]: Entering directory '/home/olwhistle/dockerNow/esp32/programs/ovs/build/bootloader/CMakeFiles/CMakeTmp'
Building CXX object CMakeFiles/cmTC_b39bb.dir/CMakeCXXCompilerABI.cpp.obj
/root/.espressif/tools/xtensa-esp-elf/esp-15.2.0_20251204/xtensa-esp-elf/bin/xtensa-esp32-elf-g++   @"/home/olwhistle/dockerNow/esp32/programs/ovs/build/bootloader/toolchain/cxxflags"    -v -o CMakeFiles/cmTC_b39bb.dir/CMakeCXXCompilerABI.cpp.obj -c /usr/share/cmake-3.22/Modules/CMakeCXXCompilerABI.cpp
Using built-in specs.
Reading specs from /home/olwhistle/dockerNow/esp32/programs/ovs/build/bootloader/specs/picolibc.specs
rename spec link to picolibc_link
rename spec link_libgcc to picolibc_link_libgcc
rename spec cpp to picolibc_cpp
rename spec cc1 to picolibc_cc1
rename spec cc1plus to picolibc_cc1plus
COLLECT_GCC=/root/.espressif/tools/xtensa-esp-elf/esp-15.2.0_20251204/xtensa-esp-elf/bin/xtensa-esp-elf-g++
Target: xtensa-esp-elf
Configured with: /builds/idf/crosstool-NG/.build/xtensa-esp-elf/src/gcc/configure --build=x86_64-build_pc-linux-gnu --host=x86_64-build_pc-linux-gnu --target=xtensa-esp-elf --prefix=/builds/idf/crosstool-NG/builds/xtensa-esp-elf --exec_prefix=/builds/idf/crosstool-NG/builds/xtensa-esp-elf --with-local-prefix=/builds/idf/crosstool-NG/builds/xtensa-esp-elf/xtensa-esp-elf --with-sysroot=/builds/idf/crosstool-NG/builds/xtensa-esp-elf/xtensa-esp-elf --with-native-system-header-dir=/include --with-headers=/builds/idf/crosstool-NG/builds/xtensa-esp-elf/xtensa-esp-elf/include --with-newlib --enable-threads=no --disable-shared --with-pkgversion='crosstool-NG esp-15.2.0_20251204' --disable-__cxa_atexit --enable-cxx-flags='-ffunction-sections -fdata-sections' --disable-libgomp --disable-libmudflap --disable-libmpx --disable-libssp --disable-libquadmath --disable-libquadmath-support --disable-libstdcxx-verbose --with-gmp=/builds/idf/crosstool-NG/.build/xtensa-esp-elf/buildtools --with-mpfr=/builds/idf/crosstool-NG/.build/xtensa-esp-elf/buildtools --with-mpc=/builds/idf/crosstool-NG/.build/xtensa-esp-elf/buildtools --with-isl=/builds/idf/crosstool-NG/.build/xtensa-esp-elf/buildtools --enable-lto --enable-target-optspace --without-long-double-128 --enable-plugin --disable-nls --enable-multiarch --enable-languages=c,c++ --disable-libstdcxx-verbose --enable-threads=posix --enable-libstdcxx-time=yes --disable-win32-utf8-manifest
Thread model: posix
Supported LTO compression algorithms: zlib zstd
gcc version 15.2.0 (crosstool-NG esp-15.2.0_20251204) 
COLLECT_GCC_OPTIONS='-mdynconfig=xtensa_esp32.so' '-specs=/home/olwhistle/dockerNow/esp32/programs/ovs/build/bootloader/specs/picolibc.specs' '-Wno-frame-address' '-mlongcalls' '-fno-builtin-memcpy' '-fno-builtin-memset' '-fno-builtin-bzero' '-fno-rtti' '-v' '-o' 'CMakeFiles/cmTC_b39bb.dir/CMakeCXXCompilerABI.cpp.obj' '-c' '-dumpdir' 'CMakeFiles/cmTC_b39bb.dir/'
 /root/.espressif/tools/xtensa-esp-elf/esp-15.2.0_20251204/xtensa-esp-elf/bin/../libexec/gcc/xtensa-esp-elf/15.2.0/cc1plus -quiet -v -imultilib esp32/no-rtti -iprefix /root/.espressif/tools/xtensa-esp-elf/esp-15.2.0_20251204/xtensa-esp-elf/bin/../lib/gcc/xtensa-esp-elf/15.2.0/ -isysroot /root/.espressif/tools/xtensa-esp-elf/esp-15.2.0_20251204/xtensa-esp-elf/bin/../xtensa-esp-elf /usr/share/cmake-3.22/Modules/CMakeCXXCompilerABI.cpp -ftls-model=local-exec -quiet -dumpdir CMakeFiles/cmTC_b39bb.dir/ -dumpbase CMakeCXXCompilerABI.cpp.cpp -dumpbase-ext .cpp -mdynconfig=xtensa_esp32.so -mlongcalls -Wno-frame-address -version -fno-builtin-memcpy -fno-builtin-memset -fno-builtin-bzero -fno-rtti -isystem /root/.espressif/tools/xtensa-esp-elf/esp-15.2.0_20251204/xtensa-esp-elf/bin/../xtensa-esp-elf/../picolibc/include -isystem /root/.espressif/tools/xtensa-esp-elf/esp-15.2.0_20251204/xtensa-esp-elf/bin/../xtensa-esp-elf/../picolibc/include/../xtensa-esp-elf/include/c++/15.2.0/xtensa-esp-elf/esp32/no-rtti -ftls-model=local-exec -o /tmp/ccOO6F7i.s
GNU C++17 (crosstool-NG esp-15.2.0_20251204) version 15.2.0 (xtensa-esp-elf)
	compiled by GNU C version 6.3.0, GMP version 6.3.0, MPFR version 4.2.1, MPC version 1.3.1, isl version isl-0.26-GMP

GGC heuristics: --param ggc-min-expand=100 --param ggc-min-heapsize=131072
ignoring duplicate directory "/root/.espressif/tools/xtensa-esp-elf/esp-15.2.0_20251204/xtensa-esp-elf/bin/../lib/gcc/../../lib/gcc/xtensa-esp-elf/15.2.0/../../../../xtensa-esp-elf/include/c++/15.2.0"
ignoring duplicate directory "/root/.espressif/tools/xtensa-esp-elf/esp-15.2.0_20251204/xtensa-esp-elf/bin/../lib/gcc/../../lib/gcc/xtensa-esp-elf/15.2.0/../../../../xtensa-esp-elf/include/c++/15.2.0/xtensa-esp-elf/esp32/no-rtti"
ignoring duplicate directory "/root/.espressif/tools/xtensa-esp-elf/esp-15.2.0_20251204/xtensa-esp-elf/bin/../lib/gcc/../../lib/gcc/xtensa-esp-elf/15.2.0/../../../../xtensa-esp-elf/include/c++/15.2.0/backward"
ignoring duplicate directory "/root/.espressif/tools/xtensa-esp-elf/esp-15.2.0_20251204/xtensa-esp-elf/bin/../lib/gcc/../../lib/gcc/xtensa-esp-elf/15.2.0/include"
ignoring nonexistent directory "/root/.espressif/tools/xtensa-esp-elf/esp-15.2.0_20251204/xtensa-esp-elf/bin/../xtensa-esp-elf/builds/idf/crosstool-NG/builds/xtensa-esp-elf/xtensa-esp-elf/include"
ignoring duplicate directory "/root/.espressif/tools/xtensa-esp-elf/esp-15.2.0_20251204/xtensa-esp-elf/bin/../lib/gcc/../../lib/gcc/xtensa-esp-elf/15.2.0/include-fixed"
ignoring duplicate directory "/root/.espressif/tools/xtensa-esp-elf/esp-15.2.0_20251204/xtensa-esp-elf/bin/../lib/gcc/../../lib/gcc/xtensa-esp-elf/15.2.0/../../../../xtensa-esp-elf/include"
ignoring duplicate directory "/root/.espressif/tools/xtensa-esp-elf/esp-15.2.0_20251204/xtensa-esp-elf/bin/../xtensa-esp-elf/include"
#include "..." search starts here:
#include <...> search starts here:
 /root/.espressif/tools/xtensa-esp-elf/esp-15.2.0_20251204/xtensa-esp-elf/bin/../xtensa-esp-elf/../picolibc/include
 /root/.espressif/tools/xtensa-esp-elf/esp-15.2.0_20251204/xtensa-esp-elf/bin/../xtensa-esp-elf/../picolibc/include/../xtensa-esp-elf/include/c++/15.2.0/xtensa-esp-elf/esp32/no-rtti
 /root/.espressif/tools/xtensa-esp-elf/esp-15.2.0_20251204/xtensa-esp-elf/bin/../lib/gcc/xtensa-esp-elf/15.2.0/../../../../xtensa-esp-elf/include/c++/15.2.0
 /root/.espressif/tools/xtensa-esp-elf/esp-15.2.0_20251204/xtensa-esp-elf/bin/../lib/gcc/xtensa-esp-elf/15.2.0/../../../../xtensa-esp-elf/include/c++/15.2.0/xtensa-esp-elf/esp32/no-rtti
 /root/.espressif/tools/xtensa-esp-elf/esp-15.2.0_20251204/xtensa-esp-elf/bin/../lib/gcc/xtensa-esp-elf/15.2.0/../../../../xtensa-esp-elf/include/c++/15.2.0/backward
 /root/.espressif/tools/xtensa-esp-elf/esp-15.2.0_20251204/xtensa-esp-elf/bin/../lib/gcc/xtensa-esp-elf/15.2.0/include
 /root/.espressif/tools/xtensa-esp-elf/esp-15.2.0_20251204/xtensa-esp-elf/bin/../lib/gcc/xtensa-esp-elf/15.2.0/include-fixed
 /root/.espressif/tools/xtensa-esp-elf/esp-15.2.0_20251204/xtensa-esp-elf/bin/../lib/gcc/xtensa-esp-elf/15.2.0/../../../../xtensa-esp-elf/include
End of search list.
Compiler executable checksum: ddaf5163ec1d262ade9e7a5c85eeee1b
COLLECT_GCC_OPTIONS='-mdynconfig=xtensa_esp32.so' '-specs=/home/olwhistle/dockerNow/esp32/programs/ovs/build/bootloader/specs/picolibc.specs' '-Wno-frame-address' '-mlongcalls' '-fno-builtin-memcpy' '-fno-builtin-memset' '-fno-builtin-bzero' '-fno-rtti' '-v' '-o' 'CMakeFiles/cmTC_b39bb.dir/CMakeCXXCompilerABI.cpp.obj' '-c' '-dumpdir' 'CMakeFiles/cmTC_b39bb.dir/'
 /root/.espressif/tools/xtensa-esp-elf/esp-15.2.0_20251204/xtensa-esp-elf/bin/../lib/gcc/xtensa-esp-elf/15.2.0/../../../../xtensa-esp-elf/bin/as --traditional-format --longcalls --dynconfig=xtensa_esp32.so -o CMakeFiles/cmTC_b39bb.dir/CMakeCXXCompilerABI.cpp.obj /tmp/ccOO6F7i.s
COMPILER_PATH=/root/.espressif/tools/xtensa-esp-elf/esp-15.2.0_20251204/xtensa-esp-elf/bin/../libexec/gcc/xtensa-esp-elf/15.2.0/:/root/.espressif/tools/xtensa-esp-elf/esp-15.2.0_20251204/xtensa-esp-elf/bin/../libexec/gcc/:/root/.espressif/tools/xtensa-esp-elf/esp-15.2.0_20251204/xtensa-esp-elf/bin/../lib/gcc/xtensa-esp-elf/15.2.0/../../../../xtensa-esp-elf/bin/
LIBRARY_PATH=/root/.espressif/tools/xtensa-esp-elf/esp-15.2.0_20251204/xtensa-esp-elf/bin/../lib/gcc/xtensa-esp-elf/15.2.0/esp32/no-rtti/:/root/.espressif/tools/xtensa-esp-elf/esp-15.2.0_20251204/xtensa-esp-elf/bin/../lib/gcc/xtensa-esp-elf/15.2.0/../../../../xtensa-esp-elf/lib/esp32/no-rtti/:/root/.espressif/tools/xtensa-esp-elf/esp-15.2.0_20251204/xtensa-esp-elf/bin/../xtensa-esp-elf/lib/esp32/no-rtti/:/root/.espressif/tools/xtensa-esp-elf/esp-15.2.0_20251204/xtensa-esp-elf/bin/../lib/gcc/xtensa-esp-elf/15.2.0/:/root/.espressif/tools/xtensa-esp-elf/esp-15.2.0_20251204/xtensa-esp-elf/bin/../lib/gcc/:/root/.espressif/tools/xtensa-esp-elf/esp-15.2.0_20251204/xtensa-esp-elf/bin/../lib/gcc/xtensa-esp-elf/15.2.0/../../../../xtensa-esp-elf/lib/:/root/.espressif/tools/xtensa-esp-elf/esp-15.2.0_20251204/xtensa-esp-elf/bin/../xtensa-esp-elf/lib/:/root/.espressif/tools/xtensa-esp-elf/esp-15.2.0_20251204/xtensa-esp-elf/bin/../xtensa-esp-elf/usr/lib/
COLLECT_GCC_OPTIONS='-mdynconfig=xtensa_esp32.so' '-specs=/home/olwhistle/dockerNow/esp32/programs/ovs/build/bootloader/specs/picolibc.specs' '-Wno-frame-address' '-mlongcalls' '-fno-builtin-memcpy' '-fno-builtin-memset' '-fno-builtin-bzero' '-fno-rtti' '-v' '-o' 'CMakeFiles/cmTC_b39bb.dir/CMakeCXXCompilerABI.cpp.obj' '-c' '-dumpdir' 'CMakeFiles/cmTC_b39bb.dir/CMakeCXXCompilerABI.cpp.'
Linking CXX executable cmTC_b39bb
/usr/bin/cmake -E cmake_link_script CMakeFiles/cmTC_b39bb.dir/link.txt --verbose=1
/root/.espressif/tools/xtensa-esp-elf/esp-15.2.0_20251204/xtensa-esp-elf/bin/xtensa-esp32-elf-g++ @"/home/olwhistle/dockerNow/esp32/programs/ovs/build/bootloader/toolchain/cxxflags"  @"/home/olwhistle/dockerNow/esp32/programs/ovs/build/bootloader/toolchain/ldflags" -v CMakeFiles/cmTC_b39bb.dir/CMakeCXXCompilerABI.cpp.obj -o cmTC_b39bb 
Using built-in specs.
Reading specs from /home/olwhistle/dockerNow/esp32/programs/ovs/build/bootloader/specs/picolibc.specs
rename spec link to picolibc_link
rename spec link_libgcc to picolibc_link_libgcc
rename spec cpp to picolibc_cpp
rename spec cc1 to picolibc_cc1
rename spec cc1plus to picolibc_cc1plus
COLLECT_GCC=/root/.espressif/tools/xtensa-esp-elf/esp-15.2.0_20251204/xtensa-esp-elf/bin/xtensa-esp-elf-g++
COLLECT_LTO_WRAPPER=/root/.espressif/tools/xtensa-esp-elf/esp-15.2.0_20251204/xtensa-esp-elf/bin/../libexec/gcc/xtensa-esp-elf/15.2.0/lto-wrapper
Target: xtensa-esp-elf
Configured with: /builds/idf/crosstool-NG/.build/xtensa-esp-elf/src/gcc/configure --build=x86_64-build_pc-linux-gnu --host=x86_64-build_pc-linux-gnu --target=xtensa-esp-elf --prefix=/builds/idf/crosstool-NG/builds/xtensa-esp-elf --exec_prefix=/builds/idf/crosstool-NG/builds/xtensa-esp-elf --with-local-prefix=/builds/idf/crosstool-NG/builds/xtensa-esp-elf/xtensa-esp-elf --with-sysroot=/builds/idf/crosstool-NG/builds/xtensa-esp-elf/xtensa-esp-elf --with-native-system-header-dir=/include --with-headers=/builds/idf/crosstool-NG/builds/xtensa-esp-elf/xtensa-esp-elf/include --with-newlib --enable-threads=no --disable-shared --with-pkgversion='crosstool-NG esp-15.2.0_20251204' --disable-__cxa_atexit --enable-cxx-flags='-ffunction-sections -fdata-sections' --disable-libgomp --disable-libmudflap --disable-libmpx --disable-libssp --disable-libquadmath --disable-libquadmath-support --disable-libstdcxx-verbose --with-gmp=/builds/idf/crosstool-NG/.build/xtensa-esp-elf/buildtools --with-mpfr=/builds/idf/crosstool-NG/.build/xtensa-esp-elf/buildtools --with-mpc=/builds/idf/crosstool-NG/.build/xtensa-esp-elf/buildtools --with-isl=/builds/idf/crosstool-NG/.build/xtensa-esp-elf/buildtools --enable-lto --enable-target-optspace --without-long-double-128 --enable-plugin --disable-nls --enable-multiarch --enable-languages=c,c++ --disable-libstdcxx-verbose --enable-threads=posix --enable-libstdcxx-time=yes --disable-win32-utf8-manifest
Thread model: posix
Supported LTO compression algorithms: zlib zstd
gcc version 15.2.0 (crosstool-NG esp-15.2.0_20251204) 
COMPILER_PATH=/root/.espressif/tools/xtensa-esp-elf/esp-15.2.0_20251204/xtensa-esp-elf/bin/../libexec/gcc/xtensa-esp-elf/15.2.0/:/root/.espressif/tools/xtensa-esp-elf/esp-15.2.0_20251204/xtensa-esp-elf/bin/../libexec/gcc/:/root/.espressif/tools/xtensa-esp-elf/esp-15.2.0_20251204/xtensa-esp-elf/bin/../lib/gcc/xtensa-esp-elf/15.2.0/../../../../xtensa-esp-elf/bin/
LIBRARY_PATH=/root/.espressif/tools/xtensa-esp-elf/esp-15.2.0_20251204/xtensa-esp-elf/bin/../lib/gcc/xtensa-esp-elf/15.2.0/esp32/no-rtti/:/root/.espressif/tools/xtensa-esp-elf/esp-15.2.0_20251204/xtensa-esp-elf/bin/../lib/gcc/xtensa-esp-elf/15.2.0/../../../../xtensa-esp-elf/lib/esp32/no-rtti/:/root/.espressif/tools/xtensa-esp-elf/esp-15.2.0_20251204/xtensa-esp-elf/bin/../xtensa-esp-elf/lib/esp32/no-rtti/:/root/.espressif/tools/xtensa-esp-elf/esp-15.2.0_20251204/xtensa-esp-elf/bin/../lib/gcc/xtensa-esp-elf/15.2.0/:/root/.espressif/tools/xtensa-esp-elf/esp-15.2.0_20251204/xtensa-esp-elf/bin/../lib/gcc/:/root/.espressif/tools/xtensa-esp-elf/esp-15.2.0_20251204/xtensa-esp-elf/bin/../lib/gcc/xtensa-esp-elf/15.2.0/../../../../xtensa-esp-elf/lib/:/root/.espressif/tools/xtensa-esp-elf/esp-15.2.0_20251204/xtensa-esp-elf/bin/../xtensa-esp-elf/lib/:/root/.espressif/tools/xtensa-esp-elf/esp-15.2.0_20251204/xtensa-esp-elf/bin/../xtensa-esp-elf/usr/lib/
COLLECT_GCC_OPTIONS='-mdynconfig=xtensa_esp32.so' '-specs=/home/olwhistle/dockerNow/esp32/programs/ovs/build/bootloader/specs/picolibc.specs' '-Wno-frame-address' '-mlongcalls' '-fno-builtin-memcpy' '-fno-builtin-memset' '-fno-builtin-bzero' '-nostartfiles' '-fno-rtti' '-v' '-o' 'cmTC_b39bb' '-dumpdir' 'cmTC_b39bb.'
 /root/.espressif/tools/xtensa-esp-elf/esp-15.2.0_20251204/xtensa-esp-elf/bin/../libexec/gcc/xtensa-esp-elf/15.2.0/collect2 -plugin /root/.espressif/tools/xtensa-esp-elf/esp-15.2.0_20251204/xtensa-esp-elf/bin/../libexec/gcc/xtensa-esp-elf/15.2.0/liblto_plugin.so -plugin-opt=/root/.espressif/tools/xtensa-esp-elf/esp-15.2.0_20251204/xtensa-esp-elf/bin/../libexec/gcc/xtensa-esp-elf/15.2.0/lto-wrapper -plugin-opt=-fresolution=/tmp/ccSTVfxo.res -plugin-opt=-pass-through=-lgcc -plugin-opt=-pass-through=-lgcc -plugin-opt=-pass-through=-lc -plugin-opt=-pass-through=-lgcc -L/root/.espressif/tools/xtensa-esp-elf/esp-15.2.0_20251204/xtensa-esp-elf/bin/../xtensa-esp-elf/../picolibc/xtensa-esp-elf/lib/esp32/no-rtti -L/root/.espressif/tools/xtensa-esp-elf/esp-15.2.0_20251204/xtensa-esp-elf/bin/../xtensa-esp-elf/../picolibc/xtensa-esp-elf/lib -Tpicolibc.ld --sysroot=/root/.espressif/tools/xtensa-esp-elf/esp-15.2.0_20251204/xtensa-esp-elf/bin/../xtensa-esp-elf --dynconfig=xtensa_esp32.so -o cmTC_b39bb -L/root/.espressif/tools/xtensa-esp-elf/esp-15.2.0_20251204/xtensa-esp-elf/bin/../xtensa-esp-elf/../picolibc/lib/gcc/xtensa-esp-elf/15.2.0/esp32/no-rtti -L/root/.espressif/tools/xtensa-esp-elf/esp-15.2.0_20251204/xtensa-esp-elf/bin/../xtensa-esp-elf/../picolibc/lib/gcc/xtensa-esp-elf/15.2.0 -L/root/.espressif/tools/xtensa-esp-elf/esp-15.2.0_20251204/xtensa-esp-elf/bin/../lib/gcc/xtensa-esp-elf/15.2.0/esp32/no-rtti -L/root/.espressif/tools/xtensa-esp-elf/esp-15.2.0_20251204/xtensa-esp-elf/bin/../lib/gcc/xtensa-esp-elf/15.2.0/../../../../xtensa-esp-elf/lib/esp32/no-rtti -L/root/.espressif/tools/xtensa-esp-elf/esp-15.2.0_20251204/xtensa-esp-elf/bin/../xtensa-esp-elf/lib/esp32/no-rtti -L/root/.espressif/tools/xtensa-esp-elf/esp-15.2.0_20251204/xtensa-esp-elf/bin/../lib/gcc/xtensa-esp-elf/15.2.0 -L/root/.espressif/tools/xtensa-esp-elf/esp-15.2.0_20251204/xtensa-esp-elf/bin/../lib/gcc -L/root/.espressif/tools/xtensa-esp-elf/esp-15.2.0_20251204/xtensa-esp-elf/bin/../lib/gcc/xtensa-esp-elf/15.2.0/../../../../xtensa-esp-elf/lib -L/root/.espressif/tools/xtensa-esp-elf/esp-15.2.0_20251204/xtensa-esp-elf/bin/../xtensa-esp-elf/lib -L/root/.espressif/tools/xtensa-esp-elf/esp-15.2.0_20251204/xtensa-esp-elf/bin/../xtensa-esp-elf/usr/lib @/tmp/cc443RMV -lgcc --start-group -lgcc -lc --end-group -lgcc
/root/.espressif/tools/xtensa-esp-elf/esp-15.2.0_20251204/xtensa-esp-elf/bin/../lib/gcc/xtensa-esp-elf/15.2.0/../../../../xtensa-esp-elf/bin/ld: warning: cannot find entry symbol _start; defaulting to 10000000
COLLECT_GCC_OPTIONS='-mdynconfig=xtensa_esp32.so' '-specs=/home/olwhistle/dockerNow/esp32/programs/ovs/build/bootloader/specs/picolibc.specs' '-Wno-frame-address' '-mlongcalls' '-fno-builtin-memcpy' '-fno-builtin-memset' '-fno-builtin-bzero' '-nostartfiles' '-fno-rtti' '-v' '-o' 'cmTC_b39bb' '-dumpdir' 'cmTC_b39bb.'
gmake[4]: Leaving directory '/home/olwhistle/dockerNow/esp32/programs/ovs/build/bootloader/CMakeFiles/CMakeTmp'
gmake[3]: Leaving directory '/home/olwhistle/dockerNow/esp32/programs/ovs/build/bootloader/CMakeFiles/CMakeTmp'



Parsed CXX implicit include dir info from above output: rv=done
  found start of include info
  found start of implicit include info
    add: [/root/.espressif/tools/xtensa-esp-elf/esp-15.2.0_20251204/xtensa-esp-elf/bin/../xtensa-esp-elf/../picolibc/include]
    add: [/root/.espressif/tools/xtensa-esp-elf/esp-15.2.0_20251204/xtensa-esp-elf/bin/../xtensa-esp-elf/../picolibc/include/../xtensa-esp-elf/include/c++/15.2.0/xtensa-esp-elf/esp32/no-rtti]
    add: [/root/.espressif/tools/xtensa-esp-elf/esp-15.2.0_20251204/xtensa-esp-elf/bin/../lib/gcc/xtensa-esp-elf/15.2.0/../../../../xtensa-esp-elf/include/c++/15.2.0]
    add: [/root/.espressif/tools/xtensa-esp-elf/esp-15.2.0_20251204/xtensa-esp-elf/bin/../lib/gcc/xtensa-esp-elf/15.2.0/../../../../xtensa-esp-elf/include/c++/15.2.0/xtensa-esp-elf/esp32/no-rtti]
    add: [/root/.espressif/tools/xtensa-esp-elf/esp-15.2.0_20251204/xtensa-esp-elf/bin/../lib/gcc/xtensa-esp-elf/15.2.0/../../../../xtensa-esp-elf/include/c++/15.2.0/backward]
    add: [/root/.espressif/tools/xtensa-esp-elf/esp-15.2.0_20251204/xtensa-esp-elf/bin/../lib/gcc/xtensa-esp-elf/15.2.0/include]
    add: [/root/.espressif/tools/xtensa-esp-elf/esp-15.2.0_20251204/xtensa-esp-elf/bin/../lib/gcc/xtensa-esp-elf/15.2.0/include-fixed]
    add: [/root/.espressif/tools/xtensa-esp-elf/esp-15.2.0_20251204/xtensa-esp-elf/bin/../lib/gcc/xtensa-esp-elf/15.2.0/../../../../xtensa-esp-elf/include]
  end of search list found
  collapse include dir [/root/.espressif/tools/xtensa-esp-elf/esp-15.2.0_20251204/xtensa-esp-elf/bin/../xtensa-esp-elf/../picolibc/include] ==> [/root/.espressif/tools/xtensa-esp-elf/esp-15.2.0_20251204/xtensa-esp-elf/picolibc/include]
  collapse include dir [/root/.espressif/tools/xtensa-esp-elf/esp-15.2.0_20251204/xtensa-esp-elf/bin/../xtensa-esp-elf/../picolibc/include/../xtensa-esp-elf/include/c++/15.2.0/xtensa-esp-elf/esp32/no-rtti] ==> [/root/.espressif/tools/xtensa-esp-elf/esp-15.2.0_20251204/xtensa-esp-elf/picolibc/xtensa-esp-elf/include/c++/15.2.0/xtensa-esp-elf/esp32/no-rtti]
  collapse include dir [/root/.espressif/tools/xtensa-esp-elf/esp-15.2.0_20251204/xtensa-esp-elf/bin/../lib/gcc/xtensa-esp-elf/15.2.0/../../../../xtensa-esp-elf/include/c++/15.2.0] ==> [/root/.espressif/tools/xtensa-esp-elf/esp-15.2.0_20251204/xtensa-esp-elf/xtensa-esp-elf/include/c++/15.2.0]
  collapse include dir [/root/.espressif/tools/xtensa-esp-elf/esp-15.2.0_20251204/xtensa-esp-elf/bin/../lib/gcc/xtensa-esp-elf/15.2.0/../../../../xtensa-esp-elf/include/c++/15.2.0/xtensa-esp-elf/esp32/no-rtti] ==> [/root/.espressif/tools/xtensa-esp-elf/esp-15.2.0_20251204/xtensa-esp-elf/xtensa-esp-elf/include/c++/15.2.0/xtensa-esp-elf/esp32/no-rtti]
  collapse include dir [/root/.espressif/tools/xtensa-esp-elf/esp-15.2.0_20251204/xtensa-esp-elf/bin/../lib/gcc/xtensa-esp-elf/15.2.0/../../../../xtensa-esp-elf/include/c++/15.2.0/backward] ==> [/root/.espressif/tools/xtensa-esp-elf/esp-15.2.0_20251204/xtensa-esp-elf/xtensa-esp-elf/include/c++/15.2.0/backward]
  collapse include dir [/root/.espressif/tools/xtensa-esp-elf/esp-15.2.0_20251204/xtensa-esp-elf/bin/../lib/gcc/xtensa-esp-elf/15.2.0/include] ==> [/root/.espressif/tools/xtensa-esp-elf/esp-15.2.0_20251204/xtensa-esp-elf/lib/gcc/xtensa-esp-elf/15.2.0/include]
  collapse include dir [/root/.espressif/tools/xtensa-esp-elf/esp-15.2.0_20251204/xtensa-esp-elf/bin/../lib/gcc/xtensa-esp-elf/15.2.0/include-fixed] ==> [/root/.espressif/tools/xtensa-esp-elf/esp-15.2.0_20251204/xtensa-esp-elf/lib/gcc/xtensa-esp-elf/15.2.0/include-fixed]
  collapse include dir [/root/.espressif/tools/xtensa-esp-elf/esp-15.2.0_20251204/xtensa-esp-elf/bin/../lib/gcc/xtensa-esp-elf/15.2.0/../../../../xtensa-esp-elf/include] ==> [/root/.espressif/tools/xtensa-esp-elf/esp-15.2.0_20251204/xtensa-esp-elf/xtensa-esp-elf/include]
  implicit include dirs: [/root/.espressif/tools/xtensa-esp-elf/esp-15.2.0_20251204/xtensa-esp-elf/picolibc/include;/root/.espressif/tools/xtensa-esp-elf/esp-15.2.0_20251204/xtensa-esp-elf/picolibc/xtensa-esp-elf/include/c++/15.2.0/xtensa-esp-elf/esp32/no-rtti;/root/.espressif/tools/xtensa-esp-elf/esp-15.2.0_20251204/xtensa-esp-elf/xtensa-esp-elf/include/c++/15.2.0;/root/.espressif/tools/xtensa-esp-elf/esp-15.2.0_20251204/xtensa-esp-elf/xtensa-esp-elf/include/c++/15.2.0/xtensa-esp-elf/esp32/no-rtti;/root/.espressif/tools/xtensa-esp-elf/esp-15.2.0_20251204/xtensa-esp-elf/xtensa-esp-elf/include/c++/15.2.0/backward;/root/.espressif/tools/xtensa-esp-elf/esp-15.2.0_20251204/xtensa-esp-elf/lib/gcc/xtensa-esp-elf/15.2.0/include;/root/.espressif/tools/xtensa-esp-elf/esp-15.2.0_20251204/xtensa-esp-elf/lib/gcc/xtensa-esp-elf/15.2.0/include-fixed;/root/.espressif/tools/xtensa-esp-elf/esp-15.2.0_20251204/xtensa-esp-elf/xtensa-esp-elf/include]


Parsed CXX implicit link information from above output:
  link line regex: [^( *|.*[/\])(xtensa-esp32-elf-ld|CMAKE_LINK_STARTFILE-NOTFOUND|([^/\]+-)?ld|collect2)[^/\]*( |$)]
  ignore line: [Change Dir: /home/olwhistle/dockerNow/esp32/programs/ovs/build/bootloader/CMakeFiles/CMakeTmp]
  ignore line: []
  ignore line: [Run Build Command(s):/usr/bin/gmake -f Makefile cmTC_b39bb/fast && gmake[3]: Entering directory '/home/olwhistle/dockerNow/esp32/programs/ovs/build/bootloader/CMakeFiles/CMakeTmp']
  ignore line: [/usr/bin/gmake  -f CMakeFiles/cmTC_b39bb.dir/build.make CMakeFiles/cmTC_b39bb.dir/build]
  ignore line: [gmake[4]: Entering directory '/home/olwhistle/dockerNow/esp32/programs/ovs/build/bootloader/CMakeFiles/CMakeTmp']
  ignore line: [Building CXX object CMakeFiles/cmTC_b39bb.dir/CMakeCXXCompilerABI.cpp.obj]
  ignore line: [/root/.espressif/tools/xtensa-esp-elf/esp-15.2.0_20251204/xtensa-esp-elf/bin/xtensa-esp32-elf-g++   @"/home/olwhistle/dockerNow/esp32/programs/ovs/build/bootloader/toolchain/cxxflags"    -v -o CMakeFiles/cmTC_b39bb.dir/CMakeCXXCompilerABI.cpp.obj -c /usr/share/cmake-3.22/Modules/CMakeCXXCompilerABI.cpp]
  ignore line: [Using built-in specs.]
  ignore line: [Reading specs from /home/olwhistle/dockerNow/esp32/programs/ovs/build/bootloader/specs/picolibc.specs]
  ignore line: [rename spec link to picolibc_link]
  ignore line: [rename spec link_libgcc to picolibc_link_libgcc]
  ignore line: [rename spec cpp to picolibc_cpp]
  ignore line: [rename spec cc1 to picolibc_cc1]
  ignore line: [rename spec cc1plus to picolibc_cc1plus]
  ignore line: [COLLECT_GCC=/root/.espressif/tools/xtensa-esp-elf/esp-15.2.0_20251204/xtensa-esp-elf/bin/xtensa-esp-elf-g++]
  ignore line: [Target: xtensa-esp-elf]
  ignore line: [Configured with: /builds/idf/crosstool-NG/.build/xtensa-esp-elf/src/gcc/configure --build=x86_64-build_pc-linux-gnu --host=x86_64-build_pc-linux-gnu --target=xtensa-esp-elf --prefix=/builds/idf/crosstool-NG/builds/xtensa-esp-elf --exec_prefix=/builds/idf/crosstool-NG/builds/xtensa-esp-elf --with-local-prefix=/builds/idf/crosstool-NG/builds/xtensa-esp-elf/xtensa-esp-elf --with-sysroot=/builds/idf/crosstool-NG/builds/xtensa-esp-elf/xtensa-esp-elf --with-native-system-header-dir=/include --with-headers=/builds/idf/crosstool-NG/builds/xtensa-esp-elf/xtensa-esp-elf/include --with-newlib --enable-threads=no --disable-shared --with-pkgversion='crosstool-NG esp-15.2.0_20251204' --disable-__cxa_atexit --enable-cxx-flags='-ffunction-sections -fdata-sections' --disable-libgomp --disable-libmudflap --disable-libmpx --disable-libssp --disable-libquadmath --disable-libquadmath-support --disable-libstdcxx-verbose --with-gmp=/builds/idf/crosstool-NG/.build/xtensa-esp-elf/buildtools --with-mpfr=/builds/idf/crosstool-NG/.build/xtensa-esp-elf/buildtools --with-mpc=/builds/idf/crosstool-NG/.build/xtensa-esp-elf/buildtools --with-isl=/builds/idf/crosstool-NG/.build/xtensa-esp-elf/buildtools --enable-lto --enable-target-optspace --without-long-double-128 --enable-plugin --disable-nls --enable-multiarch --enable-languages=c c++ --disable-libstdcxx-verbose --enable-threads=posix --enable-libstdcxx-time=yes --disable-win32-utf8-manifest]
  ignore line: [Thread model: posix]
  ignore line: [Supported LTO compression algorithms: zlib zstd]
  ignore line: [gcc version 15.2.0 (crosstool-NG esp-15.2.0_20251204) ]
  ignore line: [COLLECT_GCC_OPTIONS='-mdynconfig=xtensa_esp32.so' '-specs=/home/olwhistle/dockerNow/esp32/programs/ovs/build/bootloader/specs/picolibc.specs' '-Wno-frame-address' '-mlongcalls' '-fno-builtin-memcpy' '-fno-builtin-memset' '-fno-builtin-bzero' '-fno-rtti' '-v' '-o' 'CMakeFiles/cmTC_b39bb.dir/CMakeCXXCompilerABI.cpp.obj' '-c' '-dumpdir' 'CMakeFiles/cmTC_b39bb.dir/']
  ignore line: [ /root/.espressif/tools/xtensa-esp-elf/esp-15.2.0_20251204/xtensa-esp-elf/bin/../libexec/gcc/xtensa-esp-elf/15.2.0/cc1plus -quiet -v -imultilib esp32/no-rtti -iprefix /root/.espressif/tools/xtensa-esp-elf/esp-15.2.0_20251204/xtensa-esp-elf/bin/../lib/gcc/xtensa-esp-elf/15.2.0/ -isysroot /root/.espressif/tools/xtensa-esp-elf/esp-15.2.0_20251204/xtensa-esp-elf/bin/../xtensa-esp-elf /usr/share/cmake-3.22/Modules/CMakeCXXCompilerABI.cpp -ftls-model=local-exec -quiet -dumpdir CMakeFiles/cmTC_b39bb.dir/ -dumpbase CMakeCXXCompilerABI.cpp.cpp -dumpbase-ext .cpp -mdynconfig=xtensa_esp32.so -mlongcalls -Wno-frame-address -version -fno-builtin-memcpy -fno-builtin-memset -fno-builtin-bzero -fno-rtti -isystem /root/.espressif/tools/xtensa-esp-elf/esp-15.2.0_20251204/xtensa-esp-elf/bin/../xtensa-esp-elf/../picolibc/include -isystem /root/.espressif/tools/xtensa-esp-elf/esp-15.2.0_20251204/xtensa-esp-elf/bin/../xtensa-esp-elf/../picolibc/include/../xtensa-esp-elf/include/c++/15.2.0/xtensa-esp-elf/esp32/no-rtti -ftls-model=local-exec -o /tmp/ccOO6F7i.s]
  ignore line: [GNU C++17 (crosstool-NG esp-15.2.0_20251204) version 15.2.0 (xtensa-esp-elf)]
  ignore line: [	compiled by GNU C version 6.3.0  GMP version 6.3.0  MPFR version 4.2.1  MPC version 1.3.1  isl version isl-0.26-GMP]
  ignore line: []
  ignore line: [GGC heuristics: --param ggc-min-expand=100 --param ggc-min-heapsize=131072]
  ignore line: [ignoring duplicate directory "/root/.espressif/tools/xtensa-esp-elf/esp-15.2.0_20251204/xtensa-esp-elf/bin/../lib/gcc/../../lib/gcc/xtensa-esp-elf/15.2.0/../../../../xtensa-esp-elf/include/c++/15.2.0"]
  ignore line: [ignoring duplicate directory "/root/.espressif/tools/xtensa-esp-elf/esp-15.2.0_20251204/xtensa-esp-elf/bin/../lib/gcc/../../lib/gcc/xtensa-esp-elf/15.2.0/../../../../xtensa-esp-elf/include/c++/15.2.0/xtensa-esp-elf/esp32/no-rtti"]
  ignore line: [ignoring duplicate directory "/root/.espressif/tools/xtensa-esp-elf/esp-15.2.0_20251204/xtensa-esp-elf/bin/../lib/gcc/../../lib/gcc/xtensa-esp-elf/15.2.0/../../../../xtensa-esp-elf/include/c++/15.2.0/backward"]
  ignore line: [ignoring duplicate directory "/root/.espressif/tools/xtensa-esp-elf/esp-15.2.0_20251204/xtensa-esp-elf/bin/../lib/gcc/../../lib/gcc/xtensa-esp-elf/15.2.0/include"]
  ignore line: [ignoring nonexistent directory "/root/.espressif/tools/xtensa-esp-elf/esp-15.2.0_20251204/xtensa-esp-elf/bin/../xtensa-esp-elf/builds/idf/crosstool-NG/builds/xtensa-esp-elf/xtensa-esp-elf/include"]
  ignore line: [ignoring duplicate directory "/root/.espressif/tools/xtensa-esp-elf/esp-15.2.0_20251204/xtensa-esp-elf/bin/../lib/gcc/../../lib/gcc/xtensa-esp-elf/15.2.0/include-fixed"]
  ignore line: [ignoring duplicate directory "/root/.espressif/tools/xtensa-esp-elf/esp-15.2.0_20251204/xtensa-esp-elf/bin/../lib/gcc/../../lib/gcc/xtensa-esp-elf/15.2.0/../../../../xtensa-esp-elf/include"]
  ignore line: [ignoring duplicate directory "/root/.espressif/tools/xtensa-esp-elf/esp-15.2.0_20251204/xtensa-esp-elf/bin/../xtensa-esp-elf/include"]
  ignore line: [#include "..." search starts here:]
  ignore line: [#include <...> search starts here:]
  ignore line: [ /root/.espressif/tools/xtensa-esp-elf/esp-15.2.0_20251204/xtensa-esp-elf/bin/../xtensa-esp-elf/../picolibc/include]
  ignore line: [ /root/.espressif/tools/xtensa-esp-elf/esp-15.2.0_20251204/xtensa-esp-elf/bin/../xtensa-esp-elf/../picolibc/include/../xtensa-esp-elf/include/c++/15.2.0/xtensa-esp-elf/esp32/no-rtti]
  ignore line: [ /root/.espressif/tools/xtensa-esp-elf/esp-15.2.0_20251204/xtensa-esp-elf/bin/../lib/gcc/xtensa-esp-elf/15.2.0/../../../../xtensa-esp-elf/include/c++/15.2.0]
  ignore line: [ /root/.espressif/tools/xtensa-esp-elf/esp-15.2.0_20251204/xtensa-esp-elf/bin/../lib/gcc/xtensa-esp-elf/15.2.0/../../../../xtensa-esp-elf/include/c++/15.2.0/xtensa-esp-elf/esp32/no-rtti]
  ignore line: [ /root/.espressif/tools/xtensa-esp-elf/esp-15.2.0_20251204/xtensa-esp-elf/bin/../lib/gcc/xtensa-esp-elf/15.2.0/../../../../xtensa-esp-elf/include/c++/15.2.0/backward]
  ignore line: [ /root/.espressif/tools/xtensa-esp-elf/esp-15.2.0_20251204/xtensa-esp-elf/bin/../lib/gcc/xtensa-esp-elf/15.2.0/include]
  ignore line: [ /root/.espressif/tools/xtensa-esp-elf/esp-15.2.0_20251204/xtensa-esp-elf/bin/../lib/gcc/xtensa-esp-elf/15.2.0/include-fixed]
  ignore line: [ /root/.espressif/tools/xtensa-esp-elf/esp-15.2.0_20251204/xtensa-esp-elf/bin/../lib/gcc/xtensa-esp-elf/15.2.0/../../../../xtensa-esp-elf/include]
  ignore line: [End of search list.]
  ignore line: [Compiler executable checksum: ddaf5163ec1d262ade9e7a5c85eeee1b]
  ignore line: [COLLECT_GCC_OPTIONS='-mdynconfig=xtensa_esp32.so' '-specs=/home/olwhistle/dockerNow/esp32/programs/ovs/build/bootloader/specs/picolibc.specs' '-Wno-frame-address' '-mlongcalls' '-fno-builtin-memcpy' '-fno-builtin-memset' '-fno-builtin-bzero' '-fno-rtti' '-v' '-o' 'CMakeFiles/cmTC_b39bb.dir/CMakeCXXCompilerABI.cpp.obj' '-c' '-dumpdir' 'CMakeFiles/cmTC_b39bb.dir/']
  ignore line: [ /root/.espressif/tools/xtensa-esp-elf/esp-15.2.0_20251204/xtensa-esp-elf/bin/../lib/gcc/xtensa-esp-elf/15.2.0/../../../../xtensa-esp-elf/bin/as --traditional-format --longcalls --dynconfig=xtensa_esp32.so -o CMakeFiles/cmTC_b39bb.dir/CMakeCXXCompilerABI.cpp.obj /tmp/ccOO6F7i.s]
  ignore line: [COMPILER_PATH=/root/.espressif/tools/xtensa-esp-elf/esp-15.2.0_20251204/xtensa-esp-elf/bin/../libexec/gcc/xtensa-esp-elf/15.2.0/:/root/.espressif/tools/xtensa-esp-elf/esp-15.2.0_20251204/xtensa-esp-elf/bin/../libexec/gcc/:/root/.espressif/tools/xtensa-esp-elf/esp-15.2.0_20251204/xtensa-esp-elf/bin/../lib/gcc/xtensa-esp-elf/15.2.0/../../../../xtensa-esp-elf/bin/]
  ignore line: [LIBRARY_PATH=/root/.espressif/tools/xtensa-esp-elf/esp-15.2.0_20251204/xtensa-esp-elf/bin/../lib/gcc/xtensa-esp-elf/15.2.0/esp32/no-rtti/:/root/.espressif/tools/xtensa-esp-elf/esp-15.2.0_20251204/xtensa-esp-elf/bin/../lib/gcc/xtensa-esp-elf/15.2.0/../../../../xtensa-esp-elf/lib/esp32/no-rtti/:/root/.espressif/tools/xtensa-esp-elf/esp-15.2.0_20251204/xtensa-esp-elf/bin/../xtensa-esp-elf/lib/esp32/no-rtti/:/root/.espressif/tools/xtensa-esp-elf/esp-15.2.0_20251204/xtensa-esp-elf/bin/../lib/gcc/xtensa-esp-elf/15.2.0/:/root/.espressif/tools/xtensa-esp-elf/esp-15.2.0_20251204/xtensa-esp-elf/bin/../lib/gcc/:/root/.espressif/tools/xtensa-esp-elf/esp-15.2.0_20251204/xtensa-esp-elf/bin/../lib/gcc/xtensa-esp-elf/15.2.0/../../../../xtensa-esp-elf/lib/:/root/.espressif/tools/xtensa-esp-elf/esp-15.2.0_20251204/xtensa-esp-elf/bin/../xtensa-esp-elf/lib/:/root/.espressif/tools/xtensa-esp-elf/esp-15.2.0_20251204/xtensa-esp-elf/bin/../xtensa-esp-elf/usr/lib/]
  ignore line: [COLLECT_GCC_OPTIONS='-mdynconfig=xtensa_esp32.so' '-specs=/home/olwhistle/dockerNow/esp32/programs/ovs/build/bootloader/specs/picolibc.specs' '-Wno-frame-address' '-mlongcalls' '-fno-builtin-memcpy' '-fno-builtin-memset' '-fno-builtin-bzero' '-fno-rtti' '-v' '-o' 'CMakeFiles/cmTC_b39bb.dir/CMakeCXXCompilerABI.cpp.obj' '-c' '-dumpdir' 'CMakeFiles/cmTC_b39bb.dir/CMakeCXXCompilerABI.cpp.']
  ignore line: [Linking CXX executable cmTC_b39bb]
  ignore line: [/usr/bin/cmake -E cmake_link_script CMakeFiles/cmTC_b39bb.dir/link.txt --verbose=1]
  ignore line: [/root/.espressif/tools/xtensa-esp-elf/esp-15.2.0_20251204/xtensa-esp-elf/bin/xtensa-esp32-elf-g++ @"/home/olwhistle/dockerNow/esp32/programs/ovs/build/bootloader/toolchain/cxxflags"  @"/home/olwhistle/dockerNow/esp32/programs/ovs/build/bootloader/toolchain/ldflags" -v CMakeFiles/cmTC_b39bb.dir/CMakeCXXCompilerABI.cpp.obj -o cmTC_b39bb ]
  ignore line: [Using built-in specs.]
  ignore line: [Reading specs from /home/olwhistle/dockerNow/esp32/programs/ovs/build/bootloader/specs/picolibc.specs]
  ignore line: [rename spec link to picolibc_link]
  ignore line: [rename spec link_libgcc to picolibc_link_libgcc]
  ignore line: [rename spec cpp to picolibc_cpp]
  ignore line: [rename spec cc1 to picolibc_cc1]
  ignore line: [rename spec cc1plus to picolibc_cc1plus]
  ignore line: [COLLECT_GCC=/root/.espressif/tools/xtensa-esp-elf/esp-15.2.0_20251204/xtensa-esp-elf/bin/xtensa-esp-elf-g++]
  ignore line: [COLLECT_LTO_WRAPPER=/root/.espressif/tools/xtensa-esp-elf/esp-15.2.0_20251204/xtensa-esp-elf/bin/../libexec/gcc/xtensa-esp-elf/15.2.0/lto-wrapper]
  ignore line: [Target: xtensa-esp-elf]
  ignore line: [Configured with: /builds/idf/crosstool-NG/.build/xtensa-esp-elf/src/gcc/configure --build=x86_64-build_pc-linux-gnu --host=x86_64-build_pc-linux-gnu --target=xtensa-esp-elf --prefix=/builds/idf/crosstool-NG/builds/xtensa-esp-elf --exec_prefix=/builds/idf/crosstool-NG/builds/xtensa-esp-elf --with-local-prefix=/builds/idf/crosstool-NG/builds/xtensa-esp-elf/xtensa-esp-elf --with-sysroot=/builds/idf/crosstool-NG/builds/xtensa-esp-elf/xtensa-esp-elf --with-native-system-header-dir=/include --with-headers=/builds/idf/crosstool-NG/builds/xtensa-esp-elf/xtensa-esp-elf/include --with-newlib --enable-threads=no --disable-shared --with-pkgversion='crosstool-NG esp-15.2.0_20251204' --disable-__cxa_atexit --enable-cxx-flags='-ffunction-sections -fdata-sections' --disable-libgomp --disable-libmudflap --disable-libmpx --disable-libssp --disable-libquadmath --disable-libquadmath-support --disable-libstdcxx-verbose --with-gmp=/builds/idf/crosstool-NG/.build/xtensa-esp-elf/buildtools --with-mpfr=/builds/idf/crosstool-NG/.build/xtensa-esp-elf/buildtools --with-mpc=/builds/idf/crosstool-NG/.build/xtensa-esp-elf/buildtools --with-isl=/builds/idf/crosstool-NG/.build/xtensa-esp-elf/buildtools --enable-lto --enable-target-optspace --without-long-double-128 --enable-plugin --disable-nls --enable-multiarch --enable-languages=c c++ --disable-libstdcxx-verbose --enable-threads=posix --enable-libstdcxx-time=yes --disable-win32-utf8-manifest]
  ignore line: [Thread model: posix]
  ignore line: [Supported LTO compression algorithms: zlib zstd]
  ignore line: [gcc version 15.2.0 (crosstool-NG esp-15.2.0_20251204) ]
  ignore line: [COMPILER_PATH=/root/.espressif/tools/xtensa-esp-elf/esp-15.2.0_20251204/xtensa-esp-elf/bin/../libexec/gcc/xtensa-esp-elf/15.2.0/:/root/.espressif/tools/xtensa-esp-elf/esp-15.2.0_20251204/xtensa-esp-elf/bin/../libexec/gcc/:/root/.espressif/tools/xtensa-esp-elf/esp-15.2.0_20251204/xtensa-esp-elf/bin/../lib/gcc/xtensa-esp-elf/15.2.0/../../../../xtensa-esp-elf/bin/]
  ignore line: [LIBRARY_PATH=/root/.espressif/tools/xtensa-esp-elf/esp-15.2.0_20251204/xtensa-esp-elf/bin/../lib/gcc/xtensa-esp-elf/15.2.0/esp32/no-rtti/:/root/.espressif/tools/xtensa-esp-elf/esp-15.2.0_20251204/xtensa-esp-elf/bin/../lib/gcc/xtensa-esp-elf/15.2.0/../../../../xtensa-esp-elf/lib/esp32/no-rtti/:/root/.espressif/tools/xtensa-esp-elf/esp-15.2.0_20251204/xtensa-esp-elf/bin/../xtensa-esp-elf/lib/esp32/no-rtti/:/root/.espressif/tools/xtensa-esp-elf/esp-15.2.0_20251204/xtensa-esp-elf/bin/../lib/gcc/xtensa-esp-elf/15.2.0/:/root/.espressif/tools/xtensa-esp-elf/esp-15.2.0_20251204/xtensa-esp-elf/bin/../lib/gcc/:/root/.espressif/tools/xtensa-esp-elf/esp-15.2.0_20251204/xtensa-esp-elf/bin/../lib/gcc/xtensa-esp-elf/15.2.0/../../../../xtensa-esp-elf/lib/:/root/.espressif/tools/xtensa-esp-elf/esp-15.2.0_20251204/xtensa-esp-elf/bin/../xtensa-esp-elf/lib/:/root/.espressif/tools/xtensa-esp-elf/esp-15.2.0_20251204/xtensa-esp-elf/bin/../xtensa-esp-elf/usr/lib/]
  ignore line: [COLLECT_GCC_OPTIONS='-mdynconfig=xtensa_esp32.so' '-specs=/home/olwhistle/dockerNow/esp32/programs/ovs/build/bootloader/specs/picolibc.specs' '-Wno-frame-address' '-mlongcalls' '-fno-builtin-memcpy' '-fno-builtin-memset' '-fno-builtin-bzero' '-nostartfiles' '-fno-rtti' '-v' '-o' 'cmTC_b39bb' '-dumpdir' 'cmTC_b39bb.']
  link line: [ /root/.espressif/tools/xtensa-esp-elf/esp-15.2.0_20251204/xtensa-esp-elf/bin/../libexec/gcc/xtensa-esp-elf/15.2.0/collect2 -plugin /root/.espressif/tools/xtensa-esp-elf/esp-15.2.0_20251204/xtensa-esp-elf/bin/../libexec/gcc/xtensa-esp-elf/15.2.0/liblto_plugin.so -plugin-opt=/root/.espressif/tools/xtensa-esp-elf/esp-15.2.0_20251204/xtensa-esp-elf/bin/../libexec/gcc/xtensa-esp-elf/15.2.0/lto-wrapper -plugin-opt=-fresolution=/tmp/ccSTVfxo.res -plugin-opt=-pass-through=-lgcc -plugin-opt=-pass-through=-lgcc -plugin-opt=-pass-through=-lc -plugin-opt=-pass-through=-lgcc -L/root/.espressif/tools/xtensa-esp-elf/esp-15.2.0_20251204/xtensa-esp-elf/bin/../xtensa-esp-elf/../picolibc/xtensa-esp-elf/lib/esp32/no-rtti -L/root/.espressif/tools/xtensa-esp-elf/esp-15.2.0_20251204/xtensa-esp-elf/bin/../xtensa-esp-elf/../picolibc/xtensa-esp-elf/lib -Tpicolibc.ld --sysroot=/root/.espressif/tools/xtensa-esp-elf/esp-15.2.0_20251204/xtensa-esp-elf/bin/../xtensa-esp-elf --dynconfig=xtensa_esp32.so -o cmTC_b39bb -L/root/.espressif/tools/xtensa-esp-elf/esp-15.2.0_20251204/xtensa-esp-elf/bin/../xtensa-esp-elf/../picolibc/lib/gcc/xtensa-esp-elf/15.2.0/esp32/no-rtti -L/root/.espressif/tools/xtensa-esp-elf/esp-15.2.0_20251204/xtensa-esp-elf/bin/../xtensa-esp-elf/../picolibc/lib/gcc/xtensa-esp-elf/15.2.0 -L/root/.espressif/tools/xtensa-esp-elf/esp-15.2.0_20251204/xtensa-esp-elf/bin/../lib/gcc/xtensa-esp-elf/15.2.0/esp32/no-rtti -L/root/.espressif/tools/xtensa-esp-elf/esp-15.2.0_20251204/xtensa-esp-elf/bin/../lib/gcc/xtensa-esp-elf/15.2.0/../../../../xtensa-esp-elf/lib/esp32/no-rtti -L/root/.espressif/tools/xtensa-esp-elf/esp-15.2.0_20251204/xtensa-esp-elf/bin/../xtensa-esp-elf/lib/esp32/no-rtti -L/root/.espressif/tools/xtensa-esp-elf/esp-15.2.0_20251204/xtensa-esp-elf/bin/../lib/gcc/xtensa-esp-elf/15.2.0 -L/root/.espressif/tools/xtensa-esp-elf/esp-15.2.0_20251204/xtensa-esp-elf/bin/../lib/gcc -L/root/.espressif/tools/xtensa-esp-elf/esp-15.2.0_20251204/xtensa-esp-elf/bin/../lib/gcc/xtensa-esp-elf/15.2.0/../../../../xtensa-esp-elf/lib -L/root/.espressif/tools/xtensa-esp-elf/esp-15.2.0_20251204/xtensa-esp-elf/bin/../xtensa-esp-elf/lib -L/root/.espressif/tools/xtensa-esp-elf/esp-15.2.0_20251204/xtensa-esp-elf/bin/../xtensa-esp-elf/usr/lib @/tmp/cc443RMV -lgcc --start-group -lgcc -lc --end-group -lgcc]
    arg [/root/.espressif/tools/xtensa-esp-elf/esp-15.2.0_20251204/xtensa-esp-elf/bin/../libexec/gcc/xtensa-esp-elf/15.2.0/collect2] ==> ignore
    arg [-plugin] ==> ignore
    arg [/root/.espressif/tools/xtensa-esp-elf/esp-15.2.0_20251204/xtensa-esp-elf/bin/../libexec/gcc/xtensa-esp-elf/15.2.0/liblto_plugin.so] ==> ignore
    arg [-plugin-opt=/root/.espressif/tools/xtensa-esp-elf/esp-15.2.0_20251204/xtensa-esp-elf/bin/../libexec/gcc/xtensa-esp-elf/15.2.0/lto-wrapper] ==> ignore
    arg [-plugin-opt=-fresolution=/tmp/ccSTVfxo.res] ==> ignore
    arg [-plugin-opt=-pass-through=-lgcc] ==> ignore
    arg [-plugin-opt=-pass-through=-lgcc] ==> ignore
    arg [-plugin-opt=-pass-through=-lc] ==> ignore
    arg [-plugin-opt=-pass-through=-lgcc] ==> ignore
    arg [-L/root/.espressif/tools/xtensa-esp-elf/esp-15.2.0_20251204/xtensa-esp-elf/bin/../xtensa-esp-elf/../picolibc/xtensa-esp-elf/lib/esp32/no-rtti] ==> dir [/root/.espressif/tools/xtensa-esp-elf/esp-15.2.0_20251204/xtensa-esp-elf/bin/../xtensa-esp-elf/../picolibc/xtensa-esp-elf/lib/esp32/no-rtti]
    arg [-L/root/.espressif/tools/xtensa-esp-elf/esp-15.2.0_20251204/xtensa-esp-elf/bin/../xtensa-esp-elf/../picolibc/xtensa-esp-elf/lib] ==> dir [/root/.espressif/tools/xtensa-esp-elf/esp-15.2.0_20251204/xtensa-esp-elf/bin/../xtensa-esp-elf/../picolibc/xtensa-esp-elf/lib]
    arg [-Tpicolibc.ld] ==> ignore
    arg [--sysroot=/root/.espressif/tools/xtensa-esp-elf/esp-15.2.0_20251204/xtensa-esp-elf/bin/../xtensa-esp-elf] ==> ignore
    arg [--dynconfig=xtensa_esp32.so] ==> ignore
    arg [-o] ==> ignore
    arg [cmTC_b39bb] ==> ignore
    arg [-L/root/.espressif/tools/xtensa-esp-elf/esp-15.2.0_20251204/xtensa-esp-elf/bin/../xtensa-esp-elf/../picolibc/lib/gcc/xtensa-esp-elf/15.2.0/esp32/no-rtti] ==> dir [/root/.espressif/tools/xtensa-esp-elf/esp-15.2.0_20251204/xtensa-esp-elf/bin/../xtensa-esp-elf/../picolibc/lib/gcc/xtensa-esp-elf/15.2.0/esp32/no-rtti]
    arg [-L/root/.espressif/tools/xtensa-esp-elf/esp-15.2.0_20251204/xtensa-esp-elf/bin/../xtensa-esp-elf/../picolibc/lib/gcc/xtensa-esp-elf/15.2.0] ==> dir [/root/.espressif/tools/xtensa-esp-elf/esp-15.2.0_20251204/xtensa-esp-elf/bin/../xtensa-esp-elf/../picolibc/lib/gcc/xtensa-esp-elf/15.2.0]
    arg [-L/root/.espressif/tools/xtensa-esp-elf/esp-15.2.0_20251204/xtensa-esp-elf/bin/../lib/gcc/xtensa-esp-elf/15.2.0/esp32/no-rtti] ==> dir [/root/.espressif/tools/xtensa-esp-elf/esp-15.2.0_20251204/xtensa-esp-elf/bin/../lib/gcc/xtensa-esp-elf/15.2.0/esp32/no-rtti]
    arg [-L/root/.espressif/tools/xtensa-esp-elf/esp-15.2.0_20251204/xtensa-esp-elf/bin/../lib/gcc/xtensa-esp-elf/15.2.0/../../../../xtensa-esp-elf/lib/esp32/no-rtti] ==> dir [/root/.espressif/tools/xtensa-esp-elf/esp-15.2.0_20251204/xtensa-esp-elf/bin/../lib/gcc/xtensa-esp-elf/15.2.0/../../../../xtensa-esp-elf/lib/esp32/no-rtti]
    arg [-L/root/.espressif/tools/xtensa-esp-elf/esp-15.2.0_20251204/xtensa-esp-elf/bin/../xtensa-esp-elf/lib/esp32/no-rtti] ==> dir [/root/.espressif/tools/xtensa-esp-elf/esp-15.2.0_20251204/xtensa-esp-elf/bin/../xtensa-esp-elf/lib/esp32/no-rtti]
    arg [-L/root/.espressif/tools/xtensa-esp-elf/esp-15.2.0_20251204/xtensa-esp-elf/bin/../lib/gcc/xtensa-esp-elf/15.2.0] ==> dir [/root/.espressif/tools/xtensa-esp-elf/esp-15.2.0_20251204/xtensa-esp-elf/bin/../lib/gcc/xtensa-esp-elf/15.2.0]
    arg [-L/root/.espressif/tools/xtensa-esp-elf/esp-15.2.0_20251204/xtensa-esp-elf/bin/../lib/gcc] ==> dir [/root/.espressif/tools/xtensa-esp-elf/esp-15.2.0_20251204/xtensa-esp-elf/bin/../lib/gcc]
    arg [-L/root/.espressif/tools/xtensa-esp-elf/esp-15.2.0_20251204/xtensa-esp-elf/bin/../lib/gcc/xtensa-esp-elf/15.2.0/../../../../xtensa-esp-elf/lib] ==> dir [/root/.espressif/tools/xtensa-esp-elf/esp-15.2.0_20251204/xtensa-esp-elf/bin/../lib/gcc/xtensa-esp-elf/15.2.0/../../../../xtensa-esp-elf/lib]
    arg [-L/root/.espressif/tools/xtensa-esp-elf/esp-15.2.0_20251204/xtensa-esp-elf/bin/../xtensa-esp-elf/lib] ==> dir [/root/.espressif/tools/xtensa-esp-elf/esp-15.2.0_20251204/xtensa-esp-elf/bin/../xtensa-esp-elf/lib]
    arg [-L/root/.espressif/tools/xtensa-esp-elf/esp-15.2.0_20251204/xtensa-esp-elf/bin/../xtensa-esp-elf/usr/lib] ==> dir [/root/.espressif/tools/xtensa-esp-elf/esp-15.2.0_20251204/xtensa-esp-elf/bin/../xtensa-esp-elf/usr/lib]
    arg [@/tmp/cc443RMV] ==> ignore
    arg [-lgcc] ==> lib [gcc]
    arg [--start-group] ==> ignore
    arg [-lgcc] ==> lib [gcc]
    arg [-lc] ==> lib [c]
    arg [--end-group] ==> ignore
    arg [-lgcc] ==> lib [gcc]
  collapse library dir [/root/.espressif/tools/xtensa-esp-elf/esp-15.2.0_20251204/xtensa-esp-elf/bin/../xtensa-esp-elf/../picolibc/xtensa-esp-elf/lib/esp32/no-rtti] ==> [/root/.espressif/tools/xtensa-esp-elf/esp-15.2.0_20251204/xtensa-esp-elf/picolibc/xtensa-esp-elf/lib/esp32/no-rtti]
  collapse library dir [/root/.espressif/tools/xtensa-esp-elf/esp-15.2.0_20251204/xtensa-esp-elf/bin/../xtensa-esp-elf/../picolibc/xtensa-esp-elf/lib] ==> [/root/.espressif/tools/xtensa-esp-elf/esp-15.2.0_20251204/xtensa-esp-elf/picolibc/xtensa-esp-elf/lib]
  collapse library dir [/root/.espressif/tools/xtensa-esp-elf/esp-15.2.0_20251204/xtensa-esp-elf/bin/../xtensa-esp-elf/../picolibc/lib/gcc/xtensa-esp-elf/15.2.0/esp32/no-rtti] ==> [/root/.espressif/tools/xtensa-esp-elf/esp-15.2.0_20251204/xtensa-esp-elf/picolibc/lib/gcc/xtensa-esp-elf/15.2.0/esp32/no-rtti]
  collapse library dir [/root/.espressif/tools/xtensa-esp-elf/esp-15.2.0_20251204/xtensa-esp-elf/bin/../xtensa-esp-elf/../picolibc/lib/gcc/xtensa-esp-elf/15.2.0] ==> [/root/.espressif/tools/xtensa-esp-elf/esp-15.2.0_20251204/xtensa-esp-elf/picolibc/lib/gcc/xtensa-esp-elf/15.2.0]
  collapse library dir [/root/.espressif/tools/xtensa-esp-elf/esp-15.2.0_20251204/xtensa-esp-elf/bin/../lib/gcc/xtensa-esp-elf/15.2.0/esp32/no-rtti] ==> [/root/.espressif/tools/xtensa-esp-elf/esp-15.2.0_20251204/xtensa-esp-elf/lib/gcc/xtensa-esp-elf/15.2.0/esp32/no-rtti]
  collapse library dir [/root/.espressif/tools/xtensa-esp-elf/esp-15.2.0_20251204/xtensa-esp-elf/bin/../lib/gcc/xtensa-esp-elf/15.2.0/../../../../xtensa-esp-elf/lib/esp32/no-rtti] ==> [/root/.espressif/tools/xtensa-esp-elf/esp-15.2.0_20251204/xtensa-esp-elf/xtensa-esp-elf/lib/esp32/no-rtti]
  collapse library dir [/root/.espressif/tools/xtensa-esp-elf/esp-15.2.0_20251204/xtensa-esp-elf/bin/../xtensa-esp-elf/lib/esp32/no-rtti] ==> [/root/.espressif/tools/xtensa-esp-elf/esp-15.2.0_20251204/xtensa-esp-elf/xtensa-esp-elf/lib/esp32/no-rtti]
  collapse library dir [/root/.espressif/tools/xtensa-esp-elf/esp-15.2.0_20251204/xtensa-esp-elf/bin/../lib/gcc/xtensa-esp-elf/15.2.0] ==> [/root/.espressif/tools/xtensa-esp-elf/esp-15.2.0_20251204/xtensa-esp-elf/lib/gcc/xtensa-esp-elf/15.2.0]
  collapse library dir [/root/.espressif/tools/xtensa-esp-elf/esp-15.2.0_20251204/xtensa-esp-elf/bin/../lib/gcc] ==> [/root/.espressif/tools/xtensa-esp-elf/esp-15.2.0_20251204/xtensa-esp-elf/lib/gcc]
  collapse library dir [/root/.espressif/tools/xtensa-esp-elf/esp-15.2.0_20251204/xtensa-esp-elf/bin/../lib/gcc/xtensa-esp-elf/15.2.0/../../../../xtensa-esp-elf/lib] ==> [/root/.espressif/tools/xtensa-esp-elf/esp-15.2.0_20251204/xtensa-esp-elf/xtensa-esp-elf/lib]
  collapse library dir [/root/.espressif/tools/xtensa-esp-elf/esp-15.2.0_20251204/xtensa-esp-elf/bin/../xtensa-esp-elf/lib] ==> [/root/.espressif/tools/xtensa-esp-elf/esp-15.2.0_20251204/xtensa-esp-elf/xtensa-esp-elf/lib]
  collapse library dir [/root/.espressif/tools/xtensa-esp-elf/esp-15.2.0_20251204/xtensa-esp-elf/bin/../xtensa-esp-elf/usr/lib] ==> [/root/.espressif/tools/xtensa-esp-elf/esp-15.2.0_20251204/xtensa-esp-elf/xtensa-esp-elf/usr/lib]
  implicit libs: [gcc;gcc;c;gcc]
  implicit objs: []
  implicit dirs: [/root/.espressif/tools/xtensa-esp-elf/esp-15.2.0_20251204/xtensa-esp-elf/picolibc/xtensa-esp-elf/lib/esp32/no-rtti;/root/.espressif/tools/xtensa-esp-elf/esp-15.2.0_20251204/xtensa-esp-elf/picolibc/xtensa-esp-elf/lib;/root/.espressif/tools/xtensa-esp-elf/esp-15.2.0_20251204/xtensa-esp-elf/picolibc/lib/gcc/xtensa-esp-elf/15.2.0/esp32/no-rtti;/root/.espressif/tools/xtensa-esp-elf/esp-15.2.0_20251204/xtensa-esp-elf/picolibc/lib/gcc/xtensa-esp-elf/15.2.0;/root/.espressif/tools/xtensa-esp-elf/esp-15.2.0_20251204/xtensa-esp-elf/lib/gcc/xtensa-esp-elf/15.2.0/esp32/no-rtti;/root/.espressif/tools/xtensa-esp-elf/esp-15.2.0_20251204/xtensa-esp-elf/xtensa-esp-elf/lib/esp32/no-rtti;/root/.espressif/tools/xtensa-esp-elf/esp-15.2.0_20251204/xtensa-esp-elf/lib/gcc/xtensa-esp-elf/15.2.0;/root/.espressif/tools/xtensa-esp-elf/esp-15.2.0_20251204/xtensa-esp-elf/lib/gcc;/root/.espressif/tools/xtensa-esp-elf/esp-15.2.0_20251204/xtensa-esp-elf/xtensa-esp-elf/lib;/root/.espressif/tools/xtensa-esp-elf/esp-15.2.0_20251204/xtensa-esp-elf/xtensa-esp-elf/usr/lib]
  implicit fwks: []


